user_id,install_date
1,07/01/2024
2,20/01/2024
3,29/01/2024
4,15/01/2024
5,11/01/2024
6,08/01/2024
7,29/01/2024
8,21/01/2024
9,07/01/2024
10,26/01/2024
11,19/01/2024
12,23/01/2024
13,11/01/2024
14,11/01/2024
15,24/01/2024
16,21/01/2024
17,04/01/2024
18,08/01/2024
19,24/01/2024
20,03/01/2024
21,22/01/2024
22,21/01/2024
23,02/01/2024
24,24/01/2024
25,12/01/2024
26,30/01/2024
27,06/01/2024
28,02/01/2024
29,28/01/2024
30,21/01/2024
31,01/01/2024
32,12/01/2024
33,26/01/2024
34,22/01/2024
35,29/01/2024
36,12/01/2024
37,25/01/2024
38,17/01/2024
39,27/01/2024
40,27/01/2024
41,10/01/2024
42,28/01/2024
43,28/01/2024
44,16/01/2024
45,15/01/2024
46,30/01/2024
47,30/01/2024
48,15/01/2024
49,30/01/2024
50,19/01/2024
51,12/01/2024
52,23/01/2024
53,20/01/2024
54,25/01/2024
55,03/01/2024
56,05/01/2024
57,19/01/2024
58,07/01/2024
59,21/01/2024
60,09/01/2024
61,07/01/2024
62,18/01/2024
63,04/01/2024
64,25/01/2024
65,28/01/2024
66,14/01/2024
67,18/01/2024
68,26/01/2024
69,09/01/2024
70,26/01/2024
71,21/01/2024
72,02/01/2024
73,20/01/2024
74,28/01/2024
75,15/01/2024
76,28/01/2024
77,07/01/2024
78,12/01/2024
79,29/01/2024
80,08/01/2024
81,15/01/2024
82,03/01/2024
83,14/01/2024
84,17/01/2024
85,04/01/2024
86,18/01/2024
87,08/01/2024
88,04/01/2024
89,02/01/2024
90,30/01/2024
91,06/01/2024
92,22/01/2024
93,10/01/2024
94,04/01/2024
95,22/01/2024
96,29/01/2024
97,18/01/2024
98,26/01/2024
99,12/01/2024
100,02/01/2024
101,10/01/2024
102,30/01/2024
103,04/01/2024
104,14/01/2024
105,16/01/2024
106,15/01/2024
107,08/01/2024
108,14/01/2024
109,23/01/2024
110,28/01/2024
111,25/01/2024
112,30/01/2024
113,08/01/2024
114,21/01/2024
115,16/01/2024
116,13/01/2024
117,18/01/2024
118,15/01/2024
119,21/01/2024
120,24/01/2024
121,26/01/2024
122,25/01/2024
123,28/01/2024
124,28/01/2024
125,28/01/2024
126,13/01/2024
127,09/01/2024
128,29/01/2024
129,15/01/2024
130,13/01/2024
131,01/01/2024
132,25/01/2024
133,07/01/2024
134,09/01/2024
135,24/01/2024
136,01/01/2024
137,12/01/2024
138,08/01/2024
139,24/01/2024
140,11/01/2024
141,19/01/2024
142,17/01/2024
143,08/01/2024
144,03/01/2024
145,03/01/2024
146,01/01/2024
147,27/01/2024
148,05/01/2024
149,10/01/2024
150,07/01/2024
151,26/01/2024
152,09/01/2024
153,28/01/2024
154,07/01/2024
155,09/01/2024
156,08/01/2024
157,12/01/2024
158,02/01/2024
159,01/01/2024
160,16/01/2024
161,23/01/2024
162,23/01/2024
163,30/01/2024
164,24/01/2024
165,05/01/2024
166,03/01/2024
167,12/01/2024
168,08/01/2024
169,22/01/2024
170,27/01/2024
171,03/01/2024
172,01/01/2024
173,03/01/2024
174,05/01/2024
175,15/01/2024
176,14/01/2024
177,03/01/2024
178,01/01/2024
179,05/01/2024
180,26/01/2024
181,23/01/2024
182,14/01/2024
183,07/01/2024
184,27/01/2024
185,09/01/2024
186,15/01/2024
187,15/01/2024
188,26/01/2024
189,10/01/2024
190,28/01/2024
191,13/01/2024
192,19/01/2024
193,07/01/2024
194,17/01/2024
195,20/01/2024
196,29/01/2024
197,04/01/2024
198,30/01/2024
199,05/01/2024
200,23/01/2024
201,07/01/2024
202,13/01/2024
203,15/01/2024
204,11/01/2024
205,29/01/2024
206,04/01/2024
207,13/01/2024
208,07/01/2024
209,27/01/2024
210,19/01/2024
211,22/01/2024
212,28/01/2024
213,02/01/2024
214,10/01/2024
215,13/01/2024
216,30/01/2024
217,25/01/2024
218,21/01/2024
219,06/01/2024
220,28/01/2024
221,28/01/2024
222,12/01/2024
223,12/01/2024
224,20/01/2024
225,30/01/2024
226,30/01/2024
227,11/01/2024
228,26/01/2024
229,23/01/2024
230,28/01/2024
231,25/01/2024
232,07/01/2024
233,30/01/2024
234,01/01/2024
235,01/01/2024
236,25/01/2024
237,27/01/2024
238,30/01/2024
239,25/01/2024
240,20/01/2024
241,13/01/2024
242,09/01/2024
243,03/01/2024
244,07/01/2024
245,06/01/2024
246,08/01/2024
247,27/01/2024
248,09/01/2024
249,30/01/2024
250,05/01/2024
251,01/01/2024
252,19/01/2024
253,10/01/2024
254,12/01/2024
255,24/01/2024
256,15/01/2024
257,27/01/2024
258,22/01/2024
259,24/01/2024
260,09/01/2024
261,20/01/2024
262,17/01/2024
263,30/01/2024
264,17/01/2024
265,26/01/2024
266,20/01/2024
267,12/01/2024
268,30/01/2024
269,07/01/2024
270,02/01/2024
271,03/01/2024
272,17/01/2024
273,05/01/2024
274,17/01/2024
275,24/01/2024
276,17/01/2024
277,27/01/2024
278,17/01/2024
279,02/01/2024
280,02/01/2024
281,28/01/2024
282,22/01/2024
283,23/01/2024
284,05/01/2024
285,01/01/2024
286,01/01/2024
287,19/01/2024
288,30/01/2024
289,02/01/2024
290,21/01/2024
291,12/01/2024
292,26/01/2024
293,06/01/2024
294,23/01/2024
295,04/01/2024
296,23/01/2024
297,11/01/2024
298,24/01/2024
299,27/01/2024
300,17/01/2024
301,06/01/2024
302,24/01/2024
303,05/01/2024
304,20/01/2024
305,02/01/2024
306,06/01/2024
307,22/01/2024
308,11/01/2024
309,16/01/2024
310,16/01/2024
311,01/01/2024
312,09/01/2024
313,28/01/2024
314,27/01/2024
315,06/01/2024
316,16/01/2024
317,29/01/2024
318,03/01/2024
319,20/01/2024
320,28/01/2024
321,27/01/2024
322,04/01/2024
323,19/01/2024
324,26/01/2024
325,03/01/2024
326,19/01/2024
327,20/01/2024
328,07/01/2024
329,20/01/2024
330,09/01/2024
331,01/01/2024
332,08/01/2024
333,07/01/2024
334,18/01/2024
335,08/01/2024
336,01/01/2024
337,11/01/2024
338,28/01/2024
339,25/01/2024
340,25/01/2024
341,18/01/2024
342,23/01/2024
343,30/01/2024
344,10/01/2024
345,03/01/2024
346,07/01/2024
347,28/01/2024
348,16/01/2024
349,26/01/2024
350,16/01/2024
351,25/01/2024
352,20/01/2024
353,28/01/2024
354,17/01/2024
355,02/01/2024
356,01/01/2024
357,16/01/2024
358,30/01/2024
359,12/01/2024
360,05/01/2024
361,05/01/2024
362,27/01/2024
363,23/01/2024
364,09/01/2024
365,09/01/2024
366,03/01/2024
367,19/01/2024
368,16/01/2024
369,16/01/2024
370,03/01/2024
371,20/01/2024
372,24/01/2024
373,22/01/2024
374,24/01/2024
375,01/01/2024
376,24/01/2024
377,20/01/2024
378,11/01/2024
379,17/01/2024
380,08/01/2024
381,04/01/2024
382,06/01/2024
383,08/01/2024
384,20/01/2024
385,30/01/2024
386,03/01/2024
387,16/01/2024
388,30/01/2024
389,25/01/2024
390,03/01/2024
391,25/01/2024
392,29/01/2024
393,18/01/2024
394,14/01/2024
395,18/01/2024
396,02/01/2024
397,22/01/2024
398,03/01/2024
399,16/01/2024
400,29/01/2024
401,09/01/2024
402,04/01/2024
403,01/01/2024
404,04/01/2024
405,01/01/2024
406,14/01/2024
407,21/01/2024
408,16/01/2024
409,20/01/2024
410,24/01/2024
411,08/01/2024
412,07/01/2024
413,03/01/2024
414,17/01/2024
415,01/01/2024
416,16/01/2024
417,12/01/2024
418,27/01/2024
419,19/01/2024
420,22/01/2024
421,23/01/2024
422,22/01/2024
423,14/01/2024
424,30/01/2024
425,06/01/2024
426,06/01/2024
427,13/01/2024
428,19/01/2024
429,22/01/2024
430,08/01/2024
431,27/01/2024
432,27/01/2024
433,02/01/2024
434,21/01/2024
435,30/01/2024
436,01/01/2024
437,28/01/2024
438,15/01/2024
439,01/01/2024
440,05/01/2024
441,28/01/2024
442,29/01/2024
443,16/01/2024
444,19/01/2024
445,04/01/2024
446,03/01/2024
447,17/01/2024
448,17/01/2024
449,12/01/2024
450,28/01/2024
451,30/01/2024
452,29/01/2024
453,14/01/2024
454,21/01/2024
455,06/01/2024
456,03/01/2024
457,28/01/2024
458,09/01/2024
459,05/01/2024
460,24/01/2024
461,29/01/2024
462,17/01/2024
463,14/01/2024
464,21/01/2024
465,03/01/2024
466,28/01/2024
467,01/01/2024
468,20/01/2024
469,29/01/2024
470,21/01/2024
471,23/01/2024
472,01/01/2024
473,03/01/2024
474,18/01/2024
475,25/01/2024
476,10/01/2024
477,22/01/2024
478,26/01/2024
479,03/01/2024
480,08/01/2024
481,14/01/2024
482,24/01/2024
483,18/01/2024
484,15/01/2024
485,22/01/2024
486,23/01/2024
487,02/01/2024
488,27/01/2024
489,10/01/2024
490,02/01/2024
491,26/01/2024
492,17/01/2024
493,08/01/2024
494,01/01/2024
495,09/01/2024
496,11/01/2024
497,22/01/2024
498,16/01/2024
499,07/01/2024
500,29/01/2024
501,10/01/2024
502,23/01/2024
503,26/01/2024
504,03/01/2024
505,18/01/2024
506,25/01/2024
507,24/01/2024
508,13/01/2024
509,28/01/2024
510,26/01/2024
511,07/01/2024
512,25/01/2024
513,04/01/2024
514,13/01/2024
515,20/01/2024
516,01/01/2024
517,08/01/2024
518,14/01/2024
519,16/01/2024
520,14/01/2024
521,12/01/2024
522,19/01/2024
523,23/01/2024
524,15/01/2024
525,28/01/2024
526,02/01/2024
527,02/01/2024
528,23/01/2024
529,22/01/2024
530,19/01/2024
531,25/01/2024
532,26/01/2024
533,30/01/2024
534,29/01/2024
535,22/01/2024
536,26/01/2024
537,26/01/2024
538,22/01/2024
539,17/01/2024
540,20/01/2024
541,10/01/2024
542,06/01/2024
543,15/01/2024
544,22/01/2024
545,11/01/2024
546,28/01/2024
547,05/01/2024
548,01/01/2024
549,08/01/2024
550,21/01/2024
551,28/01/2024
552,12/01/2024
553,12/01/2024
554,05/01/2024
555,07/01/2024
556,04/01/2024
557,06/01/2024
558,13/01/2024
559,20/01/2024
560,30/01/2024
561,15/01/2024
562,03/01/2024
563,23/01/2024
564,08/01/2024
565,20/01/2024
566,16/01/2024
567,13/01/2024
568,18/01/2024
569,28/01/2024
570,10/01/2024
571,30/01/2024
572,19/01/2024
573,17/01/2024
574,24/01/2024
575,19/01/2024
576,28/01/2024
577,26/01/2024
578,23/01/2024
579,26/01/2024
580,05/01/2024
581,26/01/2024
582,21/01/2024
583,30/01/2024
584,23/01/2024
585,09/01/2024
586,12/01/2024
587,21/01/2024
588,01/01/2024
589,26/01/2024
590,26/01/2024
591,01/01/2024
592,15/01/2024
593,02/01/2024
594,30/01/2024
595,22/01/2024
596,16/01/2024
597,25/01/2024
598,08/01/2024
599,13/01/2024
600,21/01/2024
601,01/01/2024
602,16/01/2024
603,29/01/2024
604,07/01/2024
605,05/01/2024
606,22/01/2024
607,29/01/2024
608,23/01/2024
609,03/01/2024
610,12/01/2024
611,26/01/2024
612,16/01/2024
613,19/01/2024
614,05/01/2024
615,22/01/2024
616,25/01/2024
617,29/01/2024
618,14/01/2024
619,28/01/2024
620,05/01/2024
621,15/01/2024
622,17/01/2024
623,30/01/2024
624,14/01/2024
625,30/01/2024
626,20/01/2024
627,05/01/2024
628,12/01/2024
629,16/01/2024
630,26/01/2024
631,26/01/2024
632,16/01/2024
633,21/01/2024
634,07/01/2024
635,04/01/2024
636,01/01/2024
637,30/01/2024
638,30/01/2024
639,05/01/2024
640,23/01/2024
641,26/01/2024
642,10/01/2024
643,22/01/2024
644,05/01/2024
645,04/01/2024
646,02/01/2024
647,20/01/2024
648,10/01/2024
649,26/01/2024
650,19/01/2024
651,26/01/2024
652,01/01/2024
653,24/01/2024
654,05/01/2024
655,13/01/2024
656,04/01/2024
657,16/01/2024
658,24/01/2024
659,16/01/2024
660,23/01/2024
661,02/01/2024
662,17/01/2024
663,28/01/2024
664,27/01/2024
665,20/01/2024
666,24/01/2024
667,12/01/2024
668,18/01/2024
669,03/01/2024
670,28/01/2024
671,01/01/2024
672,01/01/2024
673,29/01/2024
674,19/01/2024
675,11/01/2024
676,05/01/2024
677,12/01/2024
678,03/01/2024
679,01/01/2024
680,01/01/2024
681,08/01/2024
682,10/01/2024
683,11/01/2024
684,12/01/2024
685,29/01/2024
686,13/01/2024
687,12/01/2024
688,14/01/2024
689,02/01/2024
690,29/01/2024
691,19/01/2024
692,18/01/2024
693,03/01/2024
694,23/01/2024
695,17/01/2024
696,26/01/2024
697,08/01/2024
698,29/01/2024
699,26/01/2024
700,10/01/2024
701,26/01/2024
702,30/01/2024
703,02/01/2024
704,19/01/2024
705,09/01/2024
706,07/01/2024
707,04/01/2024
708,26/01/2024
709,21/01/2024
710,18/01/2024
711,13/01/2024
712,11/01/2024
713,29/01/2024
714,24/01/2024
715,04/01/2024
716,25/01/2024
717,21/01/2024
718,29/01/2024
719,25/01/2024
720,04/01/2024
721,10/01/2024
722,05/01/2024
723,09/01/2024
724,24/01/2024
725,03/01/2024
726,17/01/2024
727,03/01/2024
728,16/01/2024
729,04/01/2024
730,18/01/2024
731,17/01/2024
732,07/01/2024
733,24/01/2024
734,23/01/2024
735,30/01/2024
736,05/01/2024
737,12/01/2024
738,17/01/2024
739,23/01/2024
740,13/01/2024
741,23/01/2024
742,25/01/2024
743,03/01/2024
744,09/01/2024
745,30/01/2024
746,17/01/2024
747,17/01/2024
748,30/01/2024
749,20/01/2024
750,16/01/2024
751,25/01/2024
752,22/01/2024
753,13/01/2024
754,27/01/2024
755,19/01/2024
756,17/01/2024
757,04/01/2024
758,12/01/2024
759,29/01/2024
760,09/01/2024
761,19/01/2024
762,12/01/2024
763,09/01/2024
764,07/01/2024
765,28/01/2024
766,14/01/2024
767,20/01/2024
768,19/01/2024
769,26/01/2024
770,15/01/2024
771,16/01/2024
772,21/01/2024
773,05/01/2024
774,03/01/2024
775,12/01/2024
776,25/01/2024
777,20/01/2024
778,27/01/2024
779,21/01/2024
780,04/01/2024
781,21/01/2024
782,23/01/2024
783,16/01/2024
784,25/01/2024
785,07/01/2024
786,13/01/2024
787,21/01/2024
788,10/01/2024
789,26/01/2024
790,07/01/2024
791,14/01/2024
792,26/01/2024
793,05/01/2024
794,03/01/2024
795,23/01/2024
796,29/01/2024
797,11/01/2024
798,11/01/2024
799,18/01/2024
800,15/01/2024
801,12/01/2024
802,09/01/2024
803,10/01/2024
804,26/01/2024
805,12/01/2024
806,17/01/2024
807,29/01/2024
808,06/01/2024
809,07/01/2024
810,14/01/2024
811,13/01/2024
812,08/01/2024
813,10/01/2024
814,09/01/2024
815,18/01/2024
816,27/01/2024
817,26/01/2024
818,02/01/2024
819,05/01/2024
820,29/01/2024
821,05/01/2024
822,06/01/2024
823,19/01/2024
824,08/01/2024
825,16/01/2024
826,13/01/2024
827,01/01/2024
828,22/01/2024
829,20/01/2024
830,17/01/2024
831,07/01/2024
832,25/01/2024
833,13/01/2024
834,04/01/2024
835,04/01/2024
836,06/01/2024
837,28/01/2024
838,19/01/2024
839,29/01/2024
840,12/01/2024
841,22/01/2024
842,07/01/2024
843,27/01/2024
844,10/01/2024
845,26/01/2024
846,19/01/2024
847,07/01/2024
848,30/01/2024
849,03/01/2024
850,13/01/2024
851,13/01/2024
852,18/01/2024
853,28/01/2024
854,30/01/2024
855,26/01/2024
856,20/01/2024
857,28/01/2024
858,08/01/2024
859,29/01/2024
860,09/01/2024
861,07/01/2024
862,01/01/2024
863,03/01/2024
864,13/01/2024
865,28/01/2024
866,30/01/2024
867,25/01/2024
868,28/01/2024
869,17/01/2024
870,25/01/2024
871,24/01/2024
872,01/01/2024
873,06/01/2024
874,21/01/2024
875,06/01/2024
876,26/01/2024
877,12/01/2024
878,13/01/2024
879,13/01/2024
880,29/01/2024
881,15/01/2024
882,21/01/2024
883,16/01/2024
884,22/01/2024
885,21/01/2024
886,11/01/2024
887,28/01/2024
888,05/01/2024
889,04/01/2024
890,03/01/2024
891,19/01/2024
892,20/01/2024
893,25/01/2024
894,18/01/2024
895,15/01/2024
896,09/01/2024
897,17/01/2024
898,14/01/2024
899,15/01/2024
900,01/01/2024
901,21/01/2024
902,22/01/2024
903,22/01/2024
904,03/01/2024
905,16/01/2024
906,23/01/2024
907,25/01/2024
908,11/01/2024
909,12/01/2024
910,10/01/2024
911,16/01/2024
912,08/01/2024
913,06/01/2024
914,12/01/2024
915,24/01/2024
916,28/01/2024
917,21/01/2024
918,08/01/2024
919,26/01/2024
920,28/01/2024
921,04/01/2024
922,26/01/2024
923,08/01/2024
924,26/01/2024
925,28/01/2024
926,18/01/2024
927,28/01/2024
928,28/01/2024
929,05/01/2024
930,09/01/2024
931,04/01/2024
932,27/01/2024
933,22/01/2024
934,17/01/2024
935,09/01/2024
936,01/01/2024
937,21/01/2024
938,20/01/2024
939,13/01/2024
940,28/01/2024
941,16/01/2024
942,29/01/2024
943,13/01/2024
944,14/01/2024
945,03/01/2024
946,29/01/2024
947,06/01/2024
948,18/01/2024
949,19/01/2024
950,05/01/2024
951,15/01/2024
952,25/01/2024
953,02/01/2024
954,10/01/2024
955,24/01/2024
956,30/01/2024
957,18/01/2024
958,27/01/2024
959,13/01/2024
960,05/01/2024
961,23/01/2024
962,24/01/2024
963,01/01/2024
964,22/01/2024
965,01/01/2024
966,18/01/2024
967,15/01/2024
968,17/01/2024
969,11/01/2024
970,21/01/2024
971,26/01/2024
972,25/01/2024
973,22/01/2024
974,27/01/2024
975,27/01/2024
976,17/01/2024
977,13/01/2024
978,01/01/2024
979,02/01/2024
980,09/01/2024
981,03/01/2024
982,01/01/2024
983,21/01/2024
984,16/01/2024
985,23/01/2024
986,06/01/2024
987,28/01/2024
988,17/01/2024
989,05/01/2024
990,05/01/2024
991,06/01/2024
992,03/01/2024
993,21/01/2024
994,23/01/2024
995,05/01/2024
996,21/01/2024
997,05/01/2024
998,10/01/2024
999,10/01/2024
1000,19/01/2024
1001,17/01/2024
1002,21/01/2024
1003,14/01/2024
1004,09/01/2024
1005,14/01/2024
1006,01/01/2024
1007,19/01/2024
1008,13/01/2024
1009,13/01/2024
1010,04/01/2024
1011,30/01/2024
1012,01/01/2024
1013,17/01/2024
1014,08/01/2024
1015,02/01/2024
1016,28/01/2024
1017,08/01/2024
1018,07/01/2024
1019,26/01/2024
1020,26/01/2024
1021,02/01/2024
1022,22/01/2024
1023,22/01/2024
1024,03/01/2024
1025,27/01/2024
1026,18/01/2024
1027,12/01/2024
1028,01/01/2024
1029,22/01/2024
1030,12/01/2024
1031,05/01/2024
1032,30/01/2024
1033,30/01/2024
1034,27/01/2024
1035,25/01/2024
1036,17/01/2024
1037,16/01/2024
1038,15/01/2024
1039,23/01/2024
1040,15/01/2024
1041,05/01/2024
1042,21/01/2024
1043,14/01/2024
1044,02/01/2024
1045,11/01/2024
1046,19/01/2024
1047,07/01/2024
1048,06/01/2024
1049,28/01/2024
1050,02/01/2024
1051,06/01/2024
1052,18/01/2024
1053,02/01/2024
1054,18/01/2024
1055,30/01/2024
1056,15/01/2024
1057,27/01/2024
1058,19/01/2024
1059,02/01/2024
1060,20/01/2024
1061,25/01/2024
1062,06/01/2024
1063,01/01/2024
1064,24/01/2024
1065,15/01/2024
1066,28/01/2024
1067,30/01/2024
1068,23/01/2024
1069,10/01/2024
1070,19/01/2024
1071,17/01/2024
1072,05/01/2024
1073,29/01/2024
1074,04/01/2024
1075,10/01/2024
1076,24/01/2024
1077,17/01/2024
1078,10/01/2024
1079,17/01/2024
1080,28/01/2024
1081,20/01/2024
1082,24/01/2024
1083,05/01/2024
1084,02/01/2024
1085,06/01/2024
1086,21/01/2024
1087,02/01/2024
1088,13/01/2024
1089,30/01/2024
1090,11/01/2024
1091,11/01/2024
1092,16/01/2024
1093,11/01/2024
1094,19/01/2024
1095,15/01/2024
1096,25/01/2024
1097,23/01/2024
1098,23/01/2024
1099,16/01/2024
1100,11/01/2024
1101,22/01/2024
1102,16/01/2024
1103,08/01/2024
1104,04/01/2024
1105,08/01/2024
1106,04/01/2024
1107,24/01/2024
1108,25/01/2024
1109,03/01/2024
1110,03/01/2024
1111,27/01/2024
1112,29/01/2024
1113,18/01/2024
1114,29/01/2024
1115,26/01/2024
1116,19/01/2024
1117,19/01/2024
1118,21/01/2024
1119,05/01/2024
1120,18/01/2024
1121,28/01/2024
1122,10/01/2024
1123,29/01/2024
1124,22/01/2024
1125,21/01/2024
1126,06/01/2024
1127,01/01/2024
1128,05/01/2024
1129,09/01/2024
1130,12/01/2024
1131,26/01/2024
1132,14/01/2024
1133,02/01/2024
1134,17/01/2024
1135,14/01/2024
1136,26/01/2024
1137,13/01/2024
1138,27/01/2024
1139,09/01/2024
1140,26/01/2024
1141,25/01/2024
1142,15/01/2024
1143,25/01/2024
1144,22/01/2024
1145,15/01/2024
1146,24/01/2024
1147,30/01/2024
1148,11/01/2024
1149,16/01/2024
1150,29/01/2024
1151,17/01/2024
1152,26/01/2024
1153,04/01/2024
1154,01/01/2024
1155,08/01/2024
1156,17/01/2024
1157,03/01/2024
1158,29/01/2024
1159,20/01/2024
1160,15/01/2024
1161,15/01/2024
1162,24/01/2024
1163,22/01/2024
1164,14/01/2024
1165,26/01/2024
1166,28/01/2024
1167,23/01/2024
1168,14/01/2024
1169,24/01/2024
1170,02/01/2024
1171,13/01/2024
1172,26/01/2024
1173,14/01/2024
1174,27/01/2024
1175,24/01/2024
1176,19/01/2024
1177,07/01/2024
1178,03/01/2024
1179,15/01/2024
1180,23/01/2024
1181,14/01/2024
1182,11/01/2024
1183,15/01/2024
1184,28/01/2024
1185,13/01/2024
1186,18/01/2024
1187,26/01/2024
1188,06/01/2024
1189,03/01/2024
1190,19/01/2024
1191,15/01/2024
1192,25/01/2024
1193,23/01/2024
1194,05/01/2024
1195,28/01/2024
1196,10/01/2024
1197,07/01/2024
1198,25/01/2024
1199,17/01/2024
1200,07/01/2024
1201,22/01/2024
1202,26/01/2024
1203,30/01/2024
1204,12/01/2024
1205,25/01/2024
1206,17/01/2024
1207,13/01/2024
1208,20/01/2024
1209,25/01/2024
1210,04/01/2024
1211,10/01/2024
1212,03/01/2024
1213,09/01/2024
1214,13/01/2024
1215,18/01/2024
1216,15/01/2024
1217,04/01/2024
1218,15/01/2024
1219,22/01/2024
1220,02/01/2024
1221,15/01/2024
1222,08/01/2024
1223,08/01/2024
1224,17/01/2024
1225,12/01/2024
1226,19/01/2024
1227,10/01/2024
1228,09/01/2024
1229,05/01/2024
1230,06/01/2024
1231,20/01/2024
1232,26/01/2024
1233,02/01/2024
1234,27/01/2024
1235,24/01/2024
1236,27/01/2024
1237,13/01/2024
1238,06/01/2024
1239,05/01/2024
1240,25/01/2024
1241,01/01/2024
1242,21/01/2024
1243,22/01/2024
1244,21/01/2024
1245,06/01/2024
1246,06/01/2024
1247,23/01/2024
1248,16/01/2024
1249,04/01/2024
1250,30/01/2024
1251,11/01/2024
1252,30/01/2024
1253,30/01/2024
1254,30/01/2024
1255,24/01/2024
1256,23/01/2024
1257,09/01/2024
1258,23/01/2024
1259,03/01/2024
1260,19/01/2024
1261,08/01/2024
1262,05/01/2024
1263,04/01/2024
1264,24/01/2024
1265,06/01/2024
1266,02/01/2024
1267,20/01/2024
1268,28/01/2024
1269,11/01/2024
1270,04/01/2024
1271,15/01/2024
1272,06/01/2024
1273,22/01/2024
1274,17/01/2024
1275,30/01/2024
1276,24/01/2024
1277,06/01/2024
1278,19/01/2024
1279,30/01/2024
1280,25/01/2024
1281,02/01/2024
1282,15/01/2024
1283,11/01/2024
1284,08/01/2024
1285,26/01/2024
1286,19/01/2024
1287,13/01/2024
1288,12/01/2024
1289,05/01/2024
1290,06/01/2024
1291,26/01/2024
1292,22/01/2024
1293,04/01/2024
1294,19/01/2024
1295,20/01/2024
1296,01/01/2024
1297,20/01/2024
1298,17/01/2024
1299,12/01/2024
1300,15/01/2024
1301,01/01/2024
1302,26/01/2024
1303,14/01/2024
1304,06/01/2024
1305,05/01/2024
1306,30/01/2024
1307,11/01/2024
1308,04/01/2024
1309,13/01/2024
1310,11/01/2024
1311,03/01/2024
1312,01/01/2024
1313,06/01/2024
1314,18/01/2024
1315,24/01/2024
1316,10/01/2024
1317,05/01/2024
1318,23/01/2024
1319,10/01/2024
1320,12/01/2024
1321,02/01/2024
1322,13/01/2024
1323,08/01/2024
1324,02/01/2024
1325,20/01/2024
1326,01/01/2024
1327,05/01/2024
1328,09/01/2024
1329,17/01/2024
1330,09/01/2024
1331,11/01/2024
1332,15/01/2024
1333,24/01/2024
1334,06/01/2024
1335,23/01/2024
1336,03/01/2024
1337,30/01/2024
1338,17/01/2024
1339,05/01/2024
1340,30/01/2024
1341,28/01/2024
1342,12/01/2024
1343,18/01/2024
1344,14/01/2024
1345,21/01/2024
1346,24/01/2024
1347,11/01/2024
1348,09/01/2024
1349,02/01/2024
1350,12/01/2024
1351,03/01/2024
1352,03/01/2024
1353,01/01/2024
1354,08/01/2024
1355,22/01/2024
1356,28/01/2024
1357,29/01/2024
1358,08/01/2024
1359,11/01/2024
1360,09/01/2024
1361,05/01/2024
1362,14/01/2024
1363,28/01/2024
1364,30/01/2024
1365,03/01/2024
1366,21/01/2024
1367,05/01/2024
1368,05/01/2024
1369,19/01/2024
1370,27/01/2024
1371,14/01/2024
1372,26/01/2024
1373,30/01/2024
1374,04/01/2024
1375,25/01/2024
1376,13/01/2024
1377,10/01/2024
1378,25/01/2024
1379,18/01/2024
1380,08/01/2024
1381,08/01/2024
1382,07/01/2024
1383,08/01/2024
1384,14/01/2024
1385,19/01/2024
1386,29/01/2024
1387,06/01/2024
1388,01/01/2024
1389,23/01/2024
1390,15/01/2024
1391,01/01/2024
1392,25/01/2024
1393,17/01/2024
1394,01/01/2024
1395,15/01/2024
1396,23/01/2024
1397,02/01/2024
1398,14/01/2024
1399,21/01/2024
1400,08/01/2024
1401,08/01/2024
1402,19/01/2024
1403,07/01/2024
1404,19/01/2024
1405,06/01/2024
1406,06/01/2024
1407,03/01/2024
1408,07/01/2024
1409,19/01/2024
1410,08/01/2024
1411,10/01/2024
1412,20/01/2024
1413,15/01/2024
1414,15/01/2024
1415,29/01/2024
1416,01/01/2024
1417,20/01/2024
1418,30/01/2024
1419,07/01/2024
1420,27/01/2024
1421,04/01/2024
1422,29/01/2024
1423,06/01/2024
1424,25/01/2024
1425,01/01/2024
1426,29/01/2024
1427,05/01/2024
1428,27/01/2024
1429,23/01/2024
1430,01/01/2024
1431,30/01/2024
1432,04/01/2024
1433,22/01/2024
1434,02/01/2024
1435,10/01/2024
1436,05/01/2024
1437,27/01/2024
1438,10/01/2024
1439,01/01/2024
1440,22/01/2024
1441,06/01/2024
1442,13/01/2024
1443,15/01/2024
1444,04/01/2024
1445,13/01/2024
1446,24/01/2024
1447,20/01/2024
1448,24/01/2024
1449,15/01/2024
1450,29/01/2024
1451,08/01/2024
1452,05/01/2024
1453,29/01/2024
1454,15/01/2024
1455,04/01/2024
1456,12/01/2024
1457,13/01/2024
1458,02/01/2024
1459,27/01/2024
1460,19/01/2024
1461,19/01/2024
1462,04/01/2024
1463,04/01/2024
1464,26/01/2024
1465,11/01/2024
1466,27/01/2024
1467,05/01/2024
1468,20/01/2024
1469,11/01/2024
1470,30/01/2024
1471,10/01/2024
1472,08/01/2024
1473,06/01/2024
1474,06/01/2024
1475,08/01/2024
1476,23/01/2024
1477,15/01/2024
1478,26/01/2024
1479,14/01/2024
1480,11/01/2024
1481,12/01/2024
1482,26/01/2024
1483,13/01/2024
1484,08/01/2024
1485,30/01/2024
1486,18/01/2024
1487,25/01/2024
1488,01/01/2024
1489,15/01/2024
1490,08/01/2024
1491,28/01/2024
1492,11/01/2024
1493,12/01/2024
1494,12/01/2024
1495,04/01/2024
1496,16/01/2024
1497,04/01/2024
1498,05/01/2024
1499,24/01/2024
1500,05/01/2024
1501,08/01/2024
1502,10/01/2024
1503,17/01/2024
1504,28/01/2024
1505,26/01/2024
1506,09/01/2024
1507,22/01/2024
1508,19/01/2024
1509,29/01/2024
1510,14/01/2024
1511,08/01/2024
1512,09/01/2024
1513,22/01/2024
1514,11/01/2024
1515,23/01/2024
1516,01/01/2024
1517,14/01/2024
1518,05/01/2024
1519,21/01/2024
1520,26/01/2024
1521,14/01/2024
1522,04/01/2024
1523,22/01/2024
1524,23/01/2024
1525,25/01/2024
1526,01/01/2024
1527,22/01/2024
1528,23/01/2024
1529,19/01/2024
1530,08/01/2024
1531,15/01/2024
1532,21/01/2024
1533,15/01/2024
1534,09/01/2024
1535,21/01/2024
1536,09/01/2024
1537,10/01/2024
1538,20/01/2024
1539,25/01/2024
1540,21/01/2024
1541,26/01/2024
1542,09/01/2024
1543,03/01/2024
1544,20/01/2024
1545,25/01/2024
1546,26/01/2024
1547,11/01/2024
1548,06/01/2024
1549,02/01/2024
1550,07/01/2024
1551,18/01/2024
1552,27/01/2024
1553,02/01/2024
1554,27/01/2024
1555,17/01/2024
1556,11/01/2024
1557,27/01/2024
1558,12/01/2024
1559,27/01/2024
1560,19/01/2024
1561,22/01/2024
1562,24/01/2024
1563,25/01/2024
1564,07/01/2024
1565,20/01/2024
1566,06/01/2024
1567,21/01/2024
1568,24/01/2024
1569,01/01/2024
1570,17/01/2024
1571,29/01/2024
1572,11/01/2024
1573,22/01/2024
1574,26/01/2024
1575,28/01/2024
1576,18/01/2024
1577,21/01/2024
1578,17/01/2024
1579,07/01/2024
1580,17/01/2024
1581,20/01/2024
1582,09/01/2024
1583,17/01/2024
1584,20/01/2024
1585,22/01/2024
1586,22/01/2024
1587,28/01/2024
1588,29/01/2024
1589,08/01/2024
1590,17/01/2024
1591,07/01/2024
1592,01/01/2024
1593,13/01/2024
1594,30/01/2024
1595,23/01/2024
1596,19/01/2024
1597,27/01/2024
1598,24/01/2024
1599,19/01/2024
1600,30/01/2024
1601,30/01/2024
1602,29/01/2024
1603,17/01/2024
1604,13/01/2024
1605,29/01/2024
1606,30/01/2024
1607,16/01/2024
1608,08/01/2024
1609,19/01/2024
1610,18/01/2024
1611,01/01/2024
1612,14/01/2024
1613,19/01/2024
1614,15/01/2024
1615,18/01/2024
1616,02/01/2024
1617,22/01/2024
1618,28/01/2024
1619,17/01/2024
1620,18/01/2024
1621,30/01/2024
1622,06/01/2024
1623,19/01/2024
1624,04/01/2024
1625,01/01/2024
1626,08/01/2024
1627,29/01/2024
1628,23/01/2024
1629,07/01/2024
1630,03/01/2024
1631,10/01/2024
1632,10/01/2024
1633,19/01/2024
1634,14/01/2024
1635,02/01/2024
1636,28/01/2024
1637,01/01/2024
1638,23/01/2024
1639,23/01/2024
1640,28/01/2024
1641,18/01/2024
1642,07/01/2024
1643,29/01/2024
1644,08/01/2024
1645,01/01/2024
1646,25/01/2024
1647,23/01/2024
1648,03/01/2024
1649,24/01/2024
1650,23/01/2024
1651,27/01/2024
1652,29/01/2024
1653,08/01/2024
1654,22/01/2024
1655,25/01/2024
1656,15/01/2024
1657,05/01/2024
1658,03/01/2024
1659,19/01/2024
1660,01/01/2024
1661,28/01/2024
1662,15/01/2024
1663,08/01/2024
1664,02/01/2024
1665,03/01/2024
1666,24/01/2024
1667,14/01/2024
1668,24/01/2024
1669,14/01/2024
1670,11/01/2024
1671,16/01/2024
1672,04/01/2024
1673,20/01/2024
1674,05/01/2024
1675,22/01/2024
1676,21/01/2024
1677,14/01/2024
1678,23/01/2024
1679,16/01/2024
1680,18/01/2024
1681,07/01/2024
1682,10/01/2024
1683,07/01/2024
1684,01/01/2024
1685,23/01/2024
1686,21/01/2024
1687,19/01/2024
1688,16/01/2024
1689,29/01/2024
1690,19/01/2024
1691,04/01/2024
1692,29/01/2024
1693,28/01/2024
1694,18/01/2024
1695,02/01/2024
1696,01/01/2024
1697,15/01/2024
1698,05/01/2024
1699,20/01/2024
1700,11/01/2024
1701,10/01/2024
1702,02/01/2024
1703,03/01/2024
1704,23/01/2024
1705,23/01/2024
1706,12/01/2024
1707,20/01/2024
1708,05/01/2024
1709,05/01/2024
1710,06/01/2024
1711,30/01/2024
1712,09/01/2024
1713,02/01/2024
1714,21/01/2024
1715,12/01/2024
1716,03/01/2024
1717,20/01/2024
1718,26/01/2024
1719,22/01/2024
1720,12/01/2024
1721,24/01/2024
1722,17/01/2024
1723,10/01/2024
1724,30/01/2024
1725,24/01/2024
1726,27/01/2024
1727,14/01/2024
1728,23/01/2024
1729,17/01/2024
1730,18/01/2024
1731,19/01/2024
1732,17/01/2024
1733,14/01/2024
1734,09/01/2024
1735,08/01/2024
1736,02/01/2024
1737,13/01/2024
1738,25/01/2024
1739,07/01/2024
1740,09/01/2024
1741,22/01/2024
1742,22/01/2024
1743,11/01/2024
1744,14/01/2024
1745,04/01/2024
1746,26/01/2024
1747,26/01/2024
1748,29/01/2024
1749,13/01/2024
1750,02/01/2024
1751,23/01/2024
1752,05/01/2024
1753,11/01/2024
1754,06/01/2024
1755,18/01/2024
1756,21/01/2024
1757,10/01/2024
1758,04/01/2024
1759,09/01/2024
1760,06/01/2024
1761,02/01/2024
1762,17/01/2024
1763,05/01/2024
1764,25/01/2024
1765,06/01/2024
1766,26/01/2024
1767,12/01/2024
1768,23/01/2024
1769,21/01/2024
1770,10/01/2024
1771,22/01/2024
1772,21/01/2024
1773,27/01/2024
1774,25/01/2024
1775,06/01/2024
1776,27/01/2024
1777,08/01/2024
1778,02/01/2024
1779,12/01/2024
1780,13/01/2024
1781,25/01/2024
1782,21/01/2024
1783,07/01/2024
1784,10/01/2024
1785,13/01/2024
1786,17/01/2024
1787,26/01/2024
1788,21/01/2024
1789,28/01/2024
1790,30/01/2024
1791,26/01/2024
1792,14/01/2024
1793,02/01/2024
1794,28/01/2024
1795,22/01/2024
1796,11/01/2024
1797,01/01/2024
1798,19/01/2024
1799,21/01/2024
1800,04/01/2024
1801,19/01/2024
1802,26/01/2024
1803,29/01/2024
1804,21/01/2024
1805,11/01/2024
1806,08/01/2024
1807,11/01/2024
1808,04/01/2024
1809,17/01/2024
1810,27/01/2024
1811,07/01/2024
1812,08/01/2024
1813,03/01/2024
1814,22/01/2024
1815,02/01/2024
1816,23/01/2024
1817,15/01/2024
1818,24/01/2024
1819,22/01/2024
1820,22/01/2024
1821,05/01/2024
1822,24/01/2024
1823,01/01/2024
1824,26/01/2024
1825,04/01/2024
1826,15/01/2024
1827,20/01/2024
1828,19/01/2024
1829,03/01/2024
1830,20/01/2024
1831,11/01/2024
1832,17/01/2024
1833,30/01/2024
1834,27/01/2024
1835,13/01/2024
1836,11/01/2024
1837,02/01/2024
1838,09/01/2024
1839,26/01/2024
1840,02/01/2024
1841,21/01/2024
1842,09/01/2024
1843,09/01/2024
1844,08/01/2024
1845,17/01/2024
1846,01/01/2024
1847,25/01/2024
1848,29/01/2024
1849,11/01/2024
1850,08/01/2024
1851,10/01/2024
1852,25/01/2024
1853,07/01/2024
1854,03/01/2024
1855,03/01/2024
1856,18/01/2024
1857,05/01/2024
1858,12/01/2024
1859,12/01/2024
1860,19/01/2024
1861,30/01/2024
1862,06/01/2024
1863,02/01/2024
1864,12/01/2024
1865,19/01/2024
1866,05/01/2024
1867,12/01/2024
1868,27/01/2024
1869,27/01/2024
1870,17/01/2024
1871,29/01/2024
1872,17/01/2024
1873,10/01/2024
1874,25/01/2024
1875,23/01/2024
1876,17/01/2024
1877,15/01/2024
1878,12/01/2024
1879,30/01/2024
1880,16/01/2024
1881,24/01/2024
1882,19/01/2024
1883,08/01/2024
1884,21/01/2024
1885,17/01/2024
1886,23/01/2024
1887,05/01/2024
1888,22/01/2024
1889,16/01/2024
1890,06/01/2024
1891,08/01/2024
1892,25/01/2024
1893,18/01/2024
1894,25/01/2024
1895,12/01/2024
1896,15/01/2024
1897,27/01/2024
1898,26/01/2024
1899,09/01/2024
1900,13/01/2024
1901,26/01/2024
1902,15/01/2024
1903,10/01/2024
1904,16/01/2024
1905,07/01/2024
1906,17/01/2024
1907,23/01/2024
1908,26/01/2024
1909,21/01/2024
1910,22/01/2024
1911,26/01/2024
1912,07/01/2024
1913,14/01/2024
1914,15/01/2024
1915,21/01/2024
1916,07/01/2024
1917,09/01/2024
1918,19/01/2024
1919,16/01/2024
1920,08/01/2024
1921,18/01/2024
1922,27/01/2024
1923,23/01/2024
1924,29/01/2024
1925,18/01/2024
1926,30/01/2024
1927,20/01/2024
1928,07/01/2024
1929,03/01/2024
1930,18/01/2024
1931,27/01/2024
1932,10/01/2024
1933,07/01/2024
1934,17/01/2024
1935,14/01/2024
1936,24/01/2024
1937,03/01/2024
1938,12/01/2024
1939,28/01/2024
1940,13/01/2024
1941,02/01/2024
1942,03/01/2024
1943,05/01/2024
1944,11/01/2024
1945,08/01/2024
1946,26/01/2024
1947,23/01/2024
1948,23/01/2024
1949,12/01/2024
1950,07/01/2024
1951,15/01/2024
1952,24/01/2024
1953,17/01/2024
1954,04/01/2024
1955,29/01/2024
1956,22/01/2024
1957,25/01/2024
1958,13/01/2024
1959,18/01/2024
1960,01/01/2024
1961,16/01/2024
1962,13/01/2024
1963,10/01/2024
1964,12/01/2024
1965,30/01/2024
1966,02/01/2024
1967,23/01/2024
1968,03/01/2024
1969,10/01/2024
1970,02/01/2024
1971,30/01/2024
1972,27/01/2024
1973,23/01/2024
1974,13/01/2024
1975,13/01/2024
1976,18/01/2024
1977,03/01/2024
1978,27/01/2024
1979,07/01/2024
1980,14/01/2024
1981,20/01/2024
1982,29/01/2024
1983,30/01/2024
1984,17/01/2024
1985,29/01/2024
1986,30/01/2024
1987,21/01/2024
1988,12/01/2024
1989,25/01/2024
1990,16/01/2024
1991,24/01/2024
1992,12/01/2024
1993,15/01/2024
1994,25/01/2024
1995,10/01/2024
1996,30/01/2024
1997,25/01/2024
1998,07/01/2024
1999,20/01/2024
2000,05/01/2024
2001,01/01/2024
2002,30/01/2024
2003,17/01/2024
2004,03/01/2024
2005,13/01/2024
2006,14/01/2024
2007,24/01/2024
2008,30/01/2024
2009,18/01/2024
2010,04/01/2024
2011,18/01/2024
2012,30/01/2024
2013,05/01/2024
2014,25/01/2024
2015,16/01/2024
2016,01/01/2024
2017,21/01/2024
2018,14/01/2024
2019,15/01/2024
2020,09/01/2024
2021,15/01/2024
2022,17/01/2024
2023,25/01/2024
2024,24/01/2024
2025,04/01/2024
2026,12/01/2024
2027,27/01/2024
2028,26/01/2024
2029,05/01/2024
2030,29/01/2024
2031,05/01/2024
2032,11/01/2024
2033,28/01/2024
2034,06/01/2024
2035,07/01/2024
2036,24/01/2024
2037,14/01/2024
2038,24/01/2024
2039,11/01/2024
2040,30/01/2024
2041,13/01/2024
2042,02/01/2024
2043,25/01/2024
2044,07/01/2024
2045,20/01/2024
2046,04/01/2024
2047,27/01/2024
2048,08/01/2024
2049,20/01/2024
2050,29/01/2024
2051,22/01/2024
2052,21/01/2024
2053,19/01/2024
2054,13/01/2024
2055,14/01/2024
2056,10/01/2024
2057,11/01/2024
2058,02/01/2024
2059,25/01/2024
2060,26/01/2024
2061,09/01/2024
2062,17/01/2024
2063,26/01/2024
2064,03/01/2024
2065,24/01/2024
2066,06/01/2024
2067,05/01/2024
2068,05/01/2024
2069,22/01/2024
2070,15/01/2024
2071,23/01/2024
2072,17/01/2024
2073,09/01/2024
2074,03/01/2024
2075,20/01/2024
2076,26/01/2024
2077,17/01/2024
2078,29/01/2024
2079,27/01/2024
2080,10/01/2024
2081,03/01/2024
2082,18/01/2024
2083,18/01/2024
2084,30/01/2024
2085,17/01/2024
2086,24/01/2024
2087,03/01/2024
2088,03/01/2024
2089,06/01/2024
2090,13/01/2024
2091,24/01/2024
2092,29/01/2024
2093,15/01/2024
2094,25/01/2024
2095,09/01/2024
2096,04/01/2024
2097,14/01/2024
2098,05/01/2024
2099,02/01/2024
2100,11/01/2024
2101,09/01/2024
2102,24/01/2024
2103,03/01/2024
2104,27/01/2024
2105,28/01/2024
2106,29/01/2024
2107,09/01/2024
2108,03/01/2024
2109,25/01/2024
2110,02/01/2024
2111,12/01/2024
2112,10/01/2024
2113,09/01/2024
2114,15/01/2024
2115,08/01/2024
2116,25/01/2024
2117,05/01/2024
2118,11/01/2024
2119,27/01/2024
2120,02/01/2024
2121,24/01/2024
2122,28/01/2024
2123,15/01/2024
2124,06/01/2024
2125,08/01/2024
2126,27/01/2024
2127,05/01/2024
2128,16/01/2024
2129,26/01/2024
2130,18/01/2024
2131,06/01/2024
2132,05/01/2024
2133,28/01/2024
2134,16/01/2024
2135,13/01/2024
2136,28/01/2024
2137,05/01/2024
2138,13/01/2024
2139,17/01/2024
2140,18/01/2024
2141,08/01/2024
2142,13/01/2024
2143,30/01/2024
2144,29/01/2024
2145,19/01/2024
2146,26/01/2024
2147,03/01/2024
2148,24/01/2024
2149,08/01/2024
2150,02/01/2024
2151,08/01/2024
2152,27/01/2024
2153,13/01/2024
2154,13/01/2024
2155,01/01/2024
2156,06/01/2024
2157,24/01/2024
2158,19/01/2024
2159,16/01/2024
2160,08/01/2024
2161,28/01/2024
2162,01/01/2024
2163,27/01/2024
2164,27/01/2024
2165,16/01/2024
2166,09/01/2024
2167,13/01/2024
2168,11/01/2024
2169,13/01/2024
2170,25/01/2024
2171,21/01/2024
2172,10/01/2024
2173,04/01/2024
2174,27/01/2024
2175,06/01/2024
2176,28/01/2024
2177,07/01/2024
2178,05/01/2024
2179,11/01/2024
2180,13/01/2024
2181,26/01/2024
2182,25/01/2024
2183,19/01/2024
2184,23/01/2024
2185,10/01/2024
2186,10/01/2024
2187,11/01/2024
2188,21/01/2024
2189,30/01/2024
2190,07/01/2024
2191,18/01/2024
2192,04/01/2024
2193,02/01/2024
2194,14/01/2024
2195,13/01/2024
2196,29/01/2024
2197,12/01/2024
2198,07/01/2024
2199,02/01/2024
2200,13/01/2024
2201,14/01/2024
2202,27/01/2024
2203,17/01/2024
2204,09/01/2024
2205,17/01/2024
2206,08/01/2024
2207,02/01/2024
2208,28/01/2024
2209,24/01/2024
2210,13/01/2024
2211,03/01/2024
2212,16/01/2024
2213,06/01/2024
2214,19/01/2024
2215,30/01/2024
2216,07/01/2024
2217,10/01/2024
2218,09/01/2024
2219,02/01/2024
2220,28/01/2024
2221,28/01/2024
2222,15/01/2024
2223,30/01/2024
2224,05/01/2024
2225,29/01/2024
2226,22/01/2024
2227,04/01/2024
2228,20/01/2024
2229,04/01/2024
2230,18/01/2024
2231,04/01/2024
2232,27/01/2024
2233,17/01/2024
2234,12/01/2024
2235,22/01/2024
2236,17/01/2024
2237,10/01/2024
2238,22/01/2024
2239,01/01/2024
2240,22/01/2024
2241,26/01/2024
2242,24/01/2024
2243,27/01/2024
2244,18/01/2024
2245,18/01/2024
2246,14/01/2024
2247,15/01/2024
2248,29/01/2024
2249,12/01/2024
2250,04/01/2024
2251,27/01/2024
2252,03/01/2024
2253,20/01/2024
2254,29/01/2024
2255,12/01/2024
2256,07/01/2024
2257,29/01/2024
2258,11/01/2024
2259,01/01/2024
2260,06/01/2024
2261,15/01/2024
2262,15/01/2024
2263,19/01/2024
2264,11/01/2024
2265,26/01/2024
2266,23/01/2024
2267,26/01/2024
2268,02/01/2024
2269,14/01/2024
2270,02/01/2024
2271,29/01/2024
2272,04/01/2024
2273,17/01/2024
2274,03/01/2024
2275,13/01/2024
2276,09/01/2024
2277,07/01/2024
2278,15/01/2024
2279,23/01/2024
2280,29/01/2024
2281,29/01/2024
2282,11/01/2024
2283,20/01/2024
2284,02/01/2024
2285,15/01/2024
2286,14/01/2024
2287,20/01/2024
2288,22/01/2024
2289,11/01/2024
2290,27/01/2024
2291,03/01/2024
2292,17/01/2024
2293,30/01/2024
2294,12/01/2024
2295,24/01/2024
2296,28/01/2024
2297,29/01/2024
2298,21/01/2024
2299,15/01/2024
2300,16/01/2024
2301,05/01/2024
2302,27/01/2024
2303,20/01/2024
2304,06/01/2024
2305,19/01/2024
2306,25/01/2024
2307,05/01/2024
2308,03/01/2024
2309,27/01/2024
2310,01/01/2024
2311,26/01/2024
2312,28/01/2024
2313,06/01/2024
2314,15/01/2024
2315,02/01/2024
2316,29/01/2024
2317,03/01/2024
2318,17/01/2024
2319,25/01/2024
2320,24/01/2024
2321,12/01/2024
2322,18/01/2024
2323,15/01/2024
2324,12/01/2024
2325,16/01/2024
2326,27/01/2024
2327,08/01/2024
2328,28/01/2024
2329,14/01/2024
2330,25/01/2024
2331,17/01/2024
2332,29/01/2024
2333,21/01/2024
2334,08/01/2024
2335,15/01/2024
2336,27/01/2024
2337,14/01/2024
2338,18/01/2024
2339,20/01/2024
2340,07/01/2024
2341,03/01/2024
2342,29/01/2024
2343,12/01/2024
2344,21/01/2024
2345,24/01/2024
2346,28/01/2024
2347,26/01/2024
2348,03/01/2024
2349,20/01/2024
2350,14/01/2024
2351,15/01/2024
2352,25/01/2024
2353,30/01/2024
2354,14/01/2024
2355,07/01/2024
2356,17/01/2024
2357,30/01/2024
2358,12/01/2024
2359,20/01/2024
2360,04/01/2024
2361,09/01/2024
2362,06/01/2024
2363,16/01/2024
2364,25/01/2024
2365,28/01/2024
2366,22/01/2024
2367,22/01/2024
2368,21/01/2024
2369,21/01/2024
2370,02/01/2024
2371,24/01/2024
2372,08/01/2024
2373,11/01/2024
2374,13/01/2024
2375,17/01/2024
2376,08/01/2024
2377,21/01/2024
2378,18/01/2024
2379,30/01/2024
2380,18/01/2024
2381,14/01/2024
2382,15/01/2024
2383,06/01/2024
2384,11/01/2024
2385,13/01/2024
2386,25/01/2024
2387,01/01/2024
2388,28/01/2024
2389,06/01/2024
2390,09/01/2024
2391,08/01/2024
2392,11/01/2024
2393,22/01/2024
2394,19/01/2024
2395,24/01/2024
2396,09/01/2024
2397,17/01/2024
2398,12/01/2024
2399,25/01/2024
2400,14/01/2024
2401,15/01/2024
2402,16/01/2024
2403,22/01/2024
2404,22/01/2024
2405,28/01/2024
2406,20/01/2024
2407,01/01/2024
2408,10/01/2024
2409,08/01/2024
2410,18/01/2024
2411,28/01/2024
2412,01/01/2024
2413,02/01/2024
2414,01/01/2024
2415,01/01/2024
2416,09/01/2024
2417,13/01/2024
2418,30/01/2024
2419,01/01/2024
2420,13/01/2024
2421,20/01/2024
2422,26/01/2024
2423,22/01/2024
2424,07/01/2024
2425,02/01/2024
2426,06/01/2024
2427,07/01/2024
2428,26/01/2024
2429,14/01/2024
2430,26/01/2024
2431,18/01/2024
2432,15/01/2024
2433,02/01/2024
2434,10/01/2024
2435,23/01/2024
2436,12/01/2024
2437,17/01/2024
2438,08/01/2024
2439,11/01/2024
2440,29/01/2024
2441,03/01/2024
2442,27/01/2024
2443,06/01/2024
2444,09/01/2024
2445,06/01/2024
2446,09/01/2024
2447,07/01/2024
2448,09/01/2024
2449,18/01/2024
2450,12/01/2024
2451,08/01/2024
2452,08/01/2024
2453,18/01/2024
2454,28/01/2024
2455,30/01/2024
2456,20/01/2024
2457,30/01/2024
2458,15/01/2024
2459,27/01/2024
2460,07/01/2024
2461,11/01/2024
2462,20/01/2024
2463,16/01/2024
2464,04/01/2024
2465,06/01/2024
2466,26/01/2024
2467,22/01/2024
2468,26/01/2024
2469,03/01/2024
2470,09/01/2024
2471,28/01/2024
2472,10/01/2024
2473,14/01/2024
2474,11/01/2024
2475,18/01/2024
2476,22/01/2024
2477,12/01/2024
2478,23/01/2024
2479,12/01/2024
2480,13/01/2024
2481,25/01/2024
2482,13/01/2024
2483,19/01/2024
2484,26/01/2024
2485,19/01/2024
2486,23/01/2024
2487,14/01/2024
2488,04/01/2024
2489,13/01/2024
2490,08/01/2024
2491,29/01/2024
2492,23/01/2024
2493,21/01/2024
2494,23/01/2024
2495,19/01/2024
2496,12/01/2024
2497,18/01/2024
2498,06/01/2024
2499,18/01/2024
2500,19/01/2024
2501,22/01/2024
2502,05/01/2024
2503,24/01/2024
2504,09/01/2024
2505,27/01/2024
2506,03/01/2024
2507,28/01/2024
2508,10/01/2024
2509,19/01/2024
2510,03/01/2024
2511,29/01/2024
2512,29/01/2024
2513,22/01/2024
2514,15/01/2024
2515,01/01/2024
2516,07/01/2024
2517,12/01/2024
2518,17/01/2024
2519,30/01/2024
2520,21/01/2024
2521,26/01/2024
2522,29/01/2024
2523,24/01/2024
2524,20/01/2024
2525,05/01/2024
2526,04/01/2024
2527,28/01/2024
2528,12/01/2024
2529,30/01/2024
2530,20/01/2024
2531,28/01/2024
2532,24/01/2024
2533,18/01/2024
2534,17/01/2024
2535,19/01/2024
2536,09/01/2024
2537,04/01/2024
2538,26/01/2024
2539,21/01/2024
2540,02/01/2024
2541,04/01/2024
2542,02/01/2024
2543,15/01/2024
2544,02/01/2024
2545,04/01/2024
2546,06/01/2024
2547,07/01/2024
2548,10/01/2024
2549,19/01/2024
2550,19/01/2024
2551,26/01/2024
2552,22/01/2024
2553,29/01/2024
2554,12/01/2024
2555,03/01/2024
2556,13/01/2024
2557,18/01/2024
2558,08/01/2024
2559,21/01/2024
2560,15/01/2024
2561,01/01/2024
2562,03/01/2024
2563,26/01/2024
2564,08/01/2024
2565,04/01/2024
2566,16/01/2024
2567,30/01/2024
2568,23/01/2024
2569,10/01/2024
2570,12/01/2024
2571,14/01/2024
2572,14/01/2024
2573,02/01/2024
2574,23/01/2024
2575,05/01/2024
2576,05/01/2024
2577,06/01/2024
2578,13/01/2024
2579,09/01/2024
2580,30/01/2024
2581,22/01/2024
2582,28/01/2024
2583,29/01/2024
2584,15/01/2024
2585,14/01/2024
2586,24/01/2024
2587,07/01/2024
2588,25/01/2024
2589,20/01/2024
2590,02/01/2024
2591,07/01/2024
2592,06/01/2024
2593,17/01/2024
2594,27/01/2024
2595,25/01/2024
2596,25/01/2024
2597,28/01/2024
2598,02/01/2024
2599,03/01/2024
2600,05/01/2024
2601,05/01/2024
2602,01/01/2024
2603,08/01/2024
2604,12/01/2024
2605,24/01/2024
2606,04/01/2024
2607,13/01/2024
2608,23/01/2024
2609,15/01/2024
2610,11/01/2024
2611,10/01/2024
2612,03/01/2024
2613,22/01/2024
2614,14/01/2024
2615,16/01/2024
2616,10/01/2024
2617,29/01/2024
2618,10/01/2024
2619,12/01/2024
2620,30/01/2024
2621,09/01/2024
2622,01/01/2024
2623,05/01/2024
2624,20/01/2024
2625,08/01/2024
2626,11/01/2024
2627,12/01/2024
2628,01/01/2024
2629,25/01/2024
2630,22/01/2024
2631,20/01/2024
2632,28/01/2024
2633,25/01/2024
2634,11/01/2024
2635,05/01/2024
2636,15/01/2024
2637,05/01/2024
2638,12/01/2024
2639,05/01/2024
2640,17/01/2024
2641,17/01/2024
2642,24/01/2024
2643,12/01/2024
2644,24/01/2024
2645,28/01/2024
2646,15/01/2024
2647,15/01/2024
2648,06/01/2024
2649,12/01/2024
2650,27/01/2024
2651,29/01/2024
2652,20/01/2024
2653,18/01/2024
2654,14/01/2024
2655,02/01/2024
2656,09/01/2024
2657,05/01/2024
2658,20/01/2024
2659,26/01/2024
2660,29/01/2024
2661,01/01/2024
2662,23/01/2024
2663,03/01/2024
2664,06/01/2024
2665,05/01/2024
2666,21/01/2024
2667,27/01/2024
2668,05/01/2024
2669,01/01/2024
2670,17/01/2024
2671,19/01/2024
2672,14/01/2024
2673,12/01/2024
2674,10/01/2024
2675,20/01/2024
2676,21/01/2024
2677,18/01/2024
2678,24/01/2024
2679,27/01/2024
2680,11/01/2024
2681,30/01/2024
2682,02/01/2024
2683,25/01/2024
2684,18/01/2024
2685,29/01/2024
2686,25/01/2024
2687,07/01/2024
2688,24/01/2024
2689,15/01/2024
2690,11/01/2024
2691,18/01/2024
2692,23/01/2024
2693,12/01/2024
2694,06/01/2024
2695,20/01/2024
2696,23/01/2024
2697,30/01/2024
2698,13/01/2024
2699,20/01/2024
2700,16/01/2024
2701,18/01/2024
2702,10/01/2024
2703,28/01/2024
2704,23/01/2024
2705,08/01/2024
2706,18/01/2024
2707,21/01/2024
2708,01/01/2024
2709,23/01/2024
2710,08/01/2024
2711,29/01/2024
2712,06/01/2024
2713,05/01/2024
2714,15/01/2024
2715,22/01/2024
2716,15/01/2024
2717,02/01/2024
2718,01/01/2024
2719,23/01/2024
2720,23/01/2024
2721,26/01/2024
2722,11/01/2024
2723,10/01/2024
2724,30/01/2024
2725,18/01/2024
2726,18/01/2024
2727,17/01/2024
2728,26/01/2024
2729,08/01/2024
2730,15/01/2024
2731,08/01/2024
2732,17/01/2024
2733,12/01/2024
2734,27/01/2024
2735,08/01/2024
2736,25/01/2024
2737,14/01/2024
2738,04/01/2024
2739,01/01/2024
2740,01/01/2024
2741,19/01/2024
2742,16/01/2024
2743,14/01/2024
2744,21/01/2024
2745,16/01/2024
2746,05/01/2024
2747,09/01/2024
2748,26/01/2024
2749,30/01/2024
2750,28/01/2024
2751,02/01/2024
2752,18/01/2024
2753,06/01/2024
2754,09/01/2024
2755,01/01/2024
2756,09/01/2024
2757,25/01/2024
2758,16/01/2024
2759,13/01/2024
2760,09/01/2024
2761,21/01/2024
2762,13/01/2024
2763,09/01/2024
2764,11/01/2024
2765,04/01/2024
2766,02/01/2024
2767,29/01/2024
2768,06/01/2024
2769,14/01/2024
2770,04/01/2024
2771,06/01/2024
2772,19/01/2024
2773,06/01/2024
2774,02/01/2024
2775,18/01/2024
2776,13/01/2024
2777,09/01/2024
2778,23/01/2024
2779,19/01/2024
2780,13/01/2024
2781,11/01/2024
2782,01/01/2024
2783,24/01/2024
2784,30/01/2024
2785,22/01/2024
2786,07/01/2024
2787,25/01/2024
2788,21/01/2024
2789,15/01/2024
2790,01/01/2024
2791,12/01/2024
2792,26/01/2024
2793,07/01/2024
2794,15/01/2024
2795,21/01/2024
2796,19/01/2024
2797,28/01/2024
2798,29/01/2024
2799,25/01/2024
2800,01/01/2024
2801,17/01/2024
2802,17/01/2024
2803,03/01/2024
2804,12/01/2024
2805,06/01/2024
2806,26/01/2024
2807,11/01/2024
2808,03/01/2024
2809,08/01/2024
2810,14/01/2024
2811,14/01/2024
2812,10/01/2024
2813,02/01/2024
2814,14/01/2024
2815,09/01/2024
2816,03/01/2024
2817,21/01/2024
2818,26/01/2024
2819,08/01/2024
2820,16/01/2024
2821,02/01/2024
2822,06/01/2024
2823,28/01/2024
2824,21/01/2024
2825,29/01/2024
2826,26/01/2024
2827,25/01/2024
2828,12/01/2024
2829,05/01/2024
2830,02/01/2024
2831,16/01/2024
2832,05/01/2024
2833,15/01/2024
2834,12/01/2024
2835,04/01/2024
2836,15/01/2024
2837,11/01/2024
2838,16/01/2024
2839,23/01/2024
2840,06/01/2024
2841,14/01/2024
2842,18/01/2024
2843,12/01/2024
2844,27/01/2024
2845,11/01/2024
2846,13/01/2024
2847,21/01/2024
2848,23/01/2024
2849,11/01/2024
2850,23/01/2024
2851,16/01/2024
2852,15/01/2024
2853,21/01/2024
2854,28/01/2024
2855,15/01/2024
2856,25/01/2024
2857,04/01/2024
2858,11/01/2024
2859,19/01/2024
2860,15/01/2024
2861,04/01/2024
2862,21/01/2024
2863,13/01/2024
2864,22/01/2024
2865,19/01/2024
2866,02/01/2024
2867,14/01/2024
2868,29/01/2024
2869,04/01/2024
2870,16/01/2024
2871,21/01/2024
2872,20/01/2024
2873,14/01/2024
2874,27/01/2024
2875,29/01/2024
2876,15/01/2024
2877,28/01/2024
2878,03/01/2024
2879,08/01/2024
2880,16/01/2024
2881,10/01/2024
2882,04/01/2024
2883,30/01/2024
2884,18/01/2024
2885,02/01/2024
2886,17/01/2024
2887,13/01/2024
2888,04/01/2024
2889,26/01/2024
2890,25/01/2024
2891,30/01/2024
2892,11/01/2024
2893,07/01/2024
2894,12/01/2024
2895,10/01/2024
2896,07/01/2024
2897,13/01/2024
2898,07/01/2024
2899,24/01/2024
2900,17/01/2024
2901,10/01/2024
2902,29/01/2024
2903,10/01/2024
2904,24/01/2024
2905,04/01/2024
2906,20/01/2024
2907,04/01/2024
2908,22/01/2024
2909,07/01/2024
2910,22/01/2024
2911,01/01/2024
2912,12/01/2024
2913,24/01/2024
2914,13/01/2024
2915,10/01/2024
2916,15/01/2024
2917,27/01/2024
2918,13/01/2024
2919,23/01/2024
2920,22/01/2024
2921,22/01/2024
2922,21/01/2024
2923,22/01/2024
2924,28/01/2024
2925,09/01/2024
2926,26/01/2024
2927,09/01/2024
2928,15/01/2024
2929,10/01/2024
2930,24/01/2024
2931,26/01/2024
2932,25/01/2024
2933,29/01/2024
2934,10/01/2024
2935,08/01/2024
2936,24/01/2024
2937,16/01/2024
2938,17/01/2024
2939,26/01/2024
2940,27/01/2024
2941,05/01/2024
2942,04/01/2024
2943,18/01/2024
2944,24/01/2024
2945,19/01/2024
2946,04/01/2024
2947,28/01/2024
2948,07/01/2024
2949,10/01/2024
2950,25/01/2024
2951,18/01/2024
2952,19/01/2024
2953,04/01/2024
2954,10/01/2024
2955,01/01/2024
2956,23/01/2024
2957,18/01/2024
2958,05/01/2024
2959,15/01/2024
2960,17/01/2024
2961,03/01/2024
2962,12/01/2024
2963,02/01/2024
2964,01/01/2024
2965,23/01/2024
2966,21/01/2024
2967,17/01/2024
2968,22/01/2024
2969,16/01/2024
2970,05/01/2024
2971,15/01/2024
2972,03/01/2024
2973,28/01/2024
2974,07/01/2024
2975,11/01/2024
2976,10/01/2024
2977,09/01/2024
2978,14/01/2024
2979,13/01/2024
2980,29/01/2024
2981,25/01/2024
2982,30/01/2024
2983,25/01/2024
2984,02/01/2024
2985,03/01/2024
2986,07/01/2024
2987,21/01/2024
2988,18/01/2024
2989,03/01/2024
2990,10/01/2024
2991,22/01/2024
2992,29/01/2024
2993,07/01/2024
2994,09/01/2024
2995,17/01/2024
2996,11/01/2024
2997,07/01/2024
2998,24/01/2024
2999,28/01/2024
3000,14/01/2024
3001,19/01/2024
3002,04/01/2024
3003,26/01/2024
3004,06/01/2024
3005,10/01/2024
3006,07/01/2024
3007,13/01/2024
3008,14/01/2024
3009,04/01/2024
3010,08/01/2024
3011,05/01/2024
3012,01/01/2024
3013,04/01/2024
3014,03/01/2024
3015,09/01/2024
3016,08/01/2024
3017,01/01/2024
3018,27/01/2024
3019,06/01/2024
3020,09/01/2024
3021,07/01/2024
3022,04/01/2024
3023,13/01/2024
3024,17/01/2024
3025,28/01/2024
3026,02/01/2024
3027,28/01/2024
3028,05/01/2024
3029,12/01/2024
3030,27/01/2024
3031,21/01/2024
3032,08/01/2024
3033,06/01/2024
3034,08/01/2024
3035,18/01/2024
3036,03/01/2024
3037,22/01/2024
3038,12/01/2024
3039,29/01/2024
3040,26/01/2024
3041,03/01/2024
3042,22/01/2024
3043,06/01/2024
3044,02/01/2024
3045,23/01/2024
3046,12/01/2024
3047,02/01/2024
3048,06/01/2024
3049,17/01/2024
3050,03/01/2024
3051,02/01/2024
3052,23/01/2024
3053,30/01/2024
3054,20/01/2024
3055,08/01/2024
3056,22/01/2024
3057,12/01/2024
3058,26/01/2024
3059,04/01/2024
3060,05/01/2024
3061,13/01/2024
3062,29/01/2024
3063,15/01/2024
3064,25/01/2024
3065,23/01/2024
3066,16/01/2024
3067,10/01/2024
3068,30/01/2024
3069,30/01/2024
3070,25/01/2024
3071,23/01/2024
3072,16/01/2024
3073,12/01/2024
3074,17/01/2024
3075,16/01/2024
3076,12/01/2024
3077,08/01/2024
3078,20/01/2024
3079,03/01/2024
3080,16/01/2024
3081,30/01/2024
3082,13/01/2024
3083,23/01/2024
3084,28/01/2024
3085,19/01/2024
3086,08/01/2024
3087,22/01/2024
3088,05/01/2024
3089,20/01/2024
3090,08/01/2024
3091,24/01/2024
3092,12/01/2024
3093,01/01/2024
3094,25/01/2024
3095,30/01/2024
3096,21/01/2024
3097,20/01/2024
3098,06/01/2024
3099,22/01/2024
3100,18/01/2024
3101,08/01/2024
3102,07/01/2024
3103,01/01/2024
3104,21/01/2024
3105,16/01/2024
3106,12/01/2024
3107,06/01/2024
3108,20/01/2024
3109,02/01/2024
3110,29/01/2024
3111,14/01/2024
3112,04/01/2024
3113,01/01/2024
3114,23/01/2024
3115,18/01/2024
3116,13/01/2024
3117,02/01/2024
3118,09/01/2024
3119,21/01/2024
3120,02/01/2024
3121,27/01/2024
3122,25/01/2024
3123,09/01/2024
3124,01/01/2024
3125,11/01/2024
3126,03/01/2024
3127,20/01/2024
3128,30/01/2024
3129,23/01/2024
3130,26/01/2024
3131,04/01/2024
3132,18/01/2024
3133,23/01/2024
3134,06/01/2024
3135,03/01/2024
3136,22/01/2024
3137,11/01/2024
3138,15/01/2024
3139,22/01/2024
3140,28/01/2024
3141,05/01/2024
3142,20/01/2024
3143,10/01/2024
3144,12/01/2024
3145,15/01/2024
3146,17/01/2024
3147,10/01/2024
3148,06/01/2024
3149,18/01/2024
3150,13/01/2024
3151,03/01/2024
3152,30/01/2024
3153,24/01/2024
3154,10/01/2024
3155,30/01/2024
3156,14/01/2024
3157,06/01/2024
3158,03/01/2024
3159,16/01/2024
3160,07/01/2024
3161,20/01/2024
3162,14/01/2024
3163,09/01/2024
3164,15/01/2024
3165,21/01/2024
3166,03/01/2024
3167,02/01/2024
3168,27/01/2024
3169,02/01/2024
3170,03/01/2024
3171,18/01/2024
3172,14/01/2024
3173,20/01/2024
3174,18/01/2024
3175,10/01/2024
3176,25/01/2024
3177,02/01/2024
3178,25/01/2024
3179,29/01/2024
3180,22/01/2024
3181,01/01/2024
3182,04/01/2024
3183,14/01/2024
3184,01/01/2024
3185,14/01/2024
3186,16/01/2024
3187,22/01/2024
3188,14/01/2024
3189,29/01/2024
3190,20/01/2024
3191,03/01/2024
3192,03/01/2024
3193,09/01/2024
3194,06/01/2024
3195,25/01/2024
3196,13/01/2024
3197,21/01/2024
3198,02/01/2024
3199,08/01/2024
3200,21/01/2024
3201,02/01/2024
3202,04/01/2024
3203,25/01/2024
3204,15/01/2024
3205,04/01/2024
3206,13/01/2024
3207,28/01/2024
3208,12/01/2024
3209,28/01/2024
3210,13/01/2024
3211,14/01/2024
3212,20/01/2024
3213,18/01/2024
3214,29/01/2024
3215,28/01/2024
3216,06/01/2024
3217,29/01/2024
3218,11/01/2024
3219,30/01/2024
3220,02/01/2024
3221,28/01/2024
3222,23/01/2024
3223,19/01/2024
3224,19/01/2024
3225,05/01/2024
3226,19/01/2024
3227,02/01/2024
3228,10/01/2024
3229,25/01/2024
3230,02/01/2024
3231,30/01/2024
3232,11/01/2024
3233,18/01/2024
3234,29/01/2024
3235,24/01/2024
3236,15/01/2024
3237,09/01/2024
3238,23/01/2024
3239,19/01/2024
3240,09/01/2024
3241,03/01/2024
3242,21/01/2024
3243,09/01/2024
3244,28/01/2024
3245,30/01/2024
3246,14/01/2024
3247,19/01/2024
3248,07/01/2024
3249,16/01/2024
3250,16/01/2024
3251,28/01/2024
3252,01/01/2024
3253,04/01/2024
3254,04/01/2024
3255,07/01/2024
3256,08/01/2024
3257,17/01/2024
3258,05/01/2024
3259,07/01/2024
3260,28/01/2024
3261,20/01/2024
3262,29/01/2024
3263,20/01/2024
3264,04/01/2024
3265,28/01/2024
3266,06/01/2024
3267,07/01/2024
3268,18/01/2024
3269,05/01/2024
3270,20/01/2024
3271,30/01/2024
3272,29/01/2024
3273,03/01/2024
3274,07/01/2024
3275,27/01/2024
3276,28/01/2024
3277,22/01/2024
3278,14/01/2024
3279,07/01/2024
3280,05/01/2024
3281,29/01/2024
3282,22/01/2024
3283,05/01/2024
3284,30/01/2024
3285,23/01/2024
3286,02/01/2024
3287,30/01/2024
3288,27/01/2024
3289,21/01/2024
3290,22/01/2024
3291,06/01/2024
3292,15/01/2024
3293,21/01/2024
3294,10/01/2024
3295,23/01/2024
3296,26/01/2024
3297,24/01/2024
3298,07/01/2024
3299,05/01/2024
3300,01/01/2024
3301,13/01/2024
3302,21/01/2024
3303,26/01/2024
3304,18/01/2024
3305,13/01/2024
3306,21/01/2024
3307,21/01/2024
3308,18/01/2024
3309,05/01/2024
3310,13/01/2024
3311,04/01/2024
3312,17/01/2024
3313,03/01/2024
3314,17/01/2024
3315,28/01/2024
3316,11/01/2024
3317,21/01/2024
3318,20/01/2024
3319,23/01/2024
3320,21/01/2024
3321,26/01/2024
3322,30/01/2024
3323,04/01/2024
3324,02/01/2024
3325,20/01/2024
3326,16/01/2024
3327,28/01/2024
3328,18/01/2024
3329,08/01/2024
3330,03/01/2024
3331,09/01/2024
3332,29/01/2024
3333,20/01/2024
3334,29/01/2024
3335,06/01/2024
3336,10/01/2024
3337,21/01/2024
3338,10/01/2024
3339,13/01/2024
3340,17/01/2024
3341,09/01/2024
3342,17/01/2024
3343,24/01/2024
3344,09/01/2024
3345,09/01/2024
3346,01/01/2024
3347,02/01/2024
3348,28/01/2024
3349,16/01/2024
3350,29/01/2024
3351,01/01/2024
3352,10/01/2024
3353,18/01/2024
3354,26/01/2024
3355,28/01/2024
3356,08/01/2024
3357,21/01/2024
3358,28/01/2024
3359,11/01/2024
3360,23/01/2024
3361,02/01/2024
3362,08/01/2024
3363,27/01/2024
3364,22/01/2024
3365,08/01/2024
3366,17/01/2024
3367,15/01/2024
3368,17/01/2024
3369,28/01/2024
3370,23/01/2024
3371,24/01/2024
3372,13/01/2024
3373,19/01/2024
3374,05/01/2024
3375,12/01/2024
3376,01/01/2024
3377,23/01/2024
3378,05/01/2024
3379,08/01/2024
3380,13/01/2024
3381,08/01/2024
3382,25/01/2024
3383,23/01/2024
3384,11/01/2024
3385,01/01/2024
3386,13/01/2024
3387,19/01/2024
3388,24/01/2024
3389,03/01/2024
3390,24/01/2024
3391,17/01/2024
3392,05/01/2024
3393,20/01/2024
3394,21/01/2024
3395,08/01/2024
3396,26/01/2024
3397,14/01/2024
3398,04/01/2024
3399,11/01/2024
3400,20/01/2024
3401,15/01/2024
3402,19/01/2024
3403,07/01/2024
3404,19/01/2024
3405,28/01/2024
3406,19/01/2024
3407,11/01/2024
3408,26/01/2024
3409,05/01/2024
3410,05/01/2024
3411,30/01/2024
3412,22/01/2024
3413,08/01/2024
3414,10/01/2024
3415,06/01/2024
3416,15/01/2024
3417,16/01/2024
3418,28/01/2024
3419,17/01/2024
3420,08/01/2024
3421,08/01/2024
3422,25/01/2024
3423,09/01/2024
3424,02/01/2024
3425,15/01/2024
3426,18/01/2024
3427,03/01/2024
3428,17/01/2024
3429,04/01/2024
3430,30/01/2024
3431,04/01/2024
3432,14/01/2024
3433,09/01/2024
3434,09/01/2024
3435,25/01/2024
3436,26/01/2024
3437,23/01/2024
3438,30/01/2024
3439,18/01/2024
3440,10/01/2024
3441,21/01/2024
3442,04/01/2024
3443,12/01/2024
3444,27/01/2024
3445,08/01/2024
3446,02/01/2024
3447,22/01/2024
3448,13/01/2024
3449,21/01/2024
3450,16/01/2024
3451,28/01/2024
3452,02/01/2024
3453,11/01/2024
3454,10/01/2024
3455,15/01/2024
3456,17/01/2024
3457,08/01/2024
3458,18/01/2024
3459,23/01/2024
3460,09/01/2024
3461,25/01/2024
3462,08/01/2024
3463,27/01/2024
3464,14/01/2024
3465,28/01/2024
3466,26/01/2024
3467,25/01/2024
3468,18/01/2024
3469,22/01/2024
3470,20/01/2024
3471,30/01/2024
3472,20/01/2024
3473,21/01/2024
3474,12/01/2024
3475,19/01/2024
3476,14/01/2024
3477,17/01/2024
3478,24/01/2024
3479,21/01/2024
3480,03/01/2024
3481,26/01/2024
3482,30/01/2024
3483,23/01/2024
3484,07/01/2024
3485,17/01/2024
3486,12/01/2024
3487,09/01/2024
3488,15/01/2024
3489,18/01/2024
3490,21/01/2024
3491,13/01/2024
3492,30/01/2024
3493,21/01/2024
3494,30/01/2024
3495,08/01/2024
3496,14/01/2024
3497,08/01/2024
3498,14/01/2024
3499,07/01/2024
3500,23/01/2024
3501,12/01/2024
3502,11/01/2024
3503,22/01/2024
3504,22/01/2024
3505,11/01/2024
3506,25/01/2024
3507,22/01/2024
3508,28/01/2024
3509,29/01/2024
3510,13/01/2024
3511,18/01/2024
3512,02/01/2024
3513,29/01/2024
3514,21/01/2024
3515,15/01/2024
3516,20/01/2024
3517,27/01/2024
3518,18/01/2024
3519,15/01/2024
3520,19/01/2024
3521,23/01/2024
3522,24/01/2024
3523,12/01/2024
3524,13/01/2024
3525,22/01/2024
3526,11/01/2024
3527,05/01/2024
3528,29/01/2024
3529,01/01/2024
3530,24/01/2024
3531,03/01/2024
3532,22/01/2024
3533,19/01/2024
3534,23/01/2024
3535,29/01/2024
3536,30/01/2024
3537,07/01/2024
3538,12/01/2024
3539,15/01/2024
3540,25/01/2024
3541,05/01/2024
3542,15/01/2024
3543,08/01/2024
3544,10/01/2024
3545,26/01/2024
3546,16/01/2024
3547,08/01/2024
3548,01/01/2024
3549,12/01/2024
3550,05/01/2024
3551,03/01/2024
3552,01/01/2024
3553,04/01/2024
3554,08/01/2024
3555,03/01/2024
3556,10/01/2024
3557,02/01/2024
3558,11/01/2024
3559,25/01/2024
3560,10/01/2024
3561,21/01/2024
3562,14/01/2024
3563,07/01/2024
3564,27/01/2024
3565,27/01/2024
3566,02/01/2024
3567,09/01/2024
3568,16/01/2024
3569,13/01/2024
3570,09/01/2024
3571,20/01/2024
3572,04/01/2024
3573,22/01/2024
3574,10/01/2024
3575,26/01/2024
3576,26/01/2024
3577,22/01/2024
3578,12/01/2024
3579,17/01/2024
3580,14/01/2024
3581,14/01/2024
3582,25/01/2024
3583,02/01/2024
3584,21/01/2024
3585,25/01/2024
3586,20/01/2024
3587,11/01/2024
3588,16/01/2024
3589,19/01/2024
3590,23/01/2024
3591,06/01/2024
3592,24/01/2024
3593,19/01/2024
3594,05/01/2024
3595,26/01/2024
3596,04/01/2024
3597,15/01/2024
3598,29/01/2024
3599,04/01/2024
3600,20/01/2024
3601,10/01/2024
3602,24/01/2024
3603,22/01/2024
3604,03/01/2024
3605,26/01/2024
3606,05/01/2024
3607,06/01/2024
3608,21/01/2024
3609,22/01/2024
3610,08/01/2024
3611,07/01/2024
3612,21/01/2024
3613,10/01/2024
3614,06/01/2024
3615,14/01/2024
3616,04/01/2024
3617,28/01/2024
3618,25/01/2024
3619,13/01/2024
3620,20/01/2024
3621,17/01/2024
3622,23/01/2024
3623,07/01/2024
3624,04/01/2024
3625,29/01/2024
3626,14/01/2024
3627,03/01/2024
3628,24/01/2024
3629,05/01/2024
3630,16/01/2024
3631,26/01/2024
3632,23/01/2024
3633,20/01/2024
3634,04/01/2024
3635,24/01/2024
3636,30/01/2024
3637,24/01/2024
3638,02/01/2024
3639,30/01/2024
3640,18/01/2024
3641,19/01/2024
3642,28/01/2024
3643,28/01/2024
3644,19/01/2024
3645,17/01/2024
3646,14/01/2024
3647,19/01/2024
3648,22/01/2024
3649,24/01/2024
3650,13/01/2024
3651,12/01/2024
3652,30/01/2024
3653,26/01/2024
3654,06/01/2024
3655,21/01/2024
3656,04/01/2024
3657,19/01/2024
3658,16/01/2024
3659,13/01/2024
3660,04/01/2024
3661,30/01/2024
3662,23/01/2024
3663,17/01/2024
3664,23/01/2024
3665,01/01/2024
3666,18/01/2024
3667,20/01/2024
3668,17/01/2024
3669,27/01/2024
3670,28/01/2024
3671,27/01/2024
3672,15/01/2024
3673,11/01/2024
3674,25/01/2024
3675,28/01/2024
3676,22/01/2024
3677,13/01/2024
3678,01/01/2024
3679,17/01/2024
3680,06/01/2024
3681,04/01/2024
3682,20/01/2024
3683,16/01/2024
3684,15/01/2024
3685,27/01/2024
3686,15/01/2024
3687,06/01/2024
3688,15/01/2024
3689,14/01/2024
3690,28/01/2024
3691,11/01/2024
3692,07/01/2024
3693,09/01/2024
3694,26/01/2024
3695,16/01/2024
3696,05/01/2024
3697,25/01/2024
3698,20/01/2024
3699,29/01/2024
3700,10/01/2024
3701,18/01/2024
3702,03/01/2024
3703,13/01/2024
3704,11/01/2024
3705,17/01/2024
3706,30/01/2024
3707,30/01/2024
3708,22/01/2024
3709,13/01/2024
3710,06/01/2024
3711,17/01/2024
3712,27/01/2024
3713,13/01/2024
3714,19/01/2024
3715,21/01/2024
3716,19/01/2024
3717,10/01/2024
3718,03/01/2024
3719,14/01/2024
3720,26/01/2024
3721,19/01/2024
3722,05/01/2024
3723,29/01/2024
3724,05/01/2024
3725,20/01/2024
3726,17/01/2024
3727,21/01/2024
3728,10/01/2024
3729,05/01/2024
3730,04/01/2024
3731,06/01/2024
3732,26/01/2024
3733,04/01/2024
3734,30/01/2024
3735,07/01/2024
3736,07/01/2024
3737,18/01/2024
3738,03/01/2024
3739,01/01/2024
3740,24/01/2024
3741,25/01/2024
3742,04/01/2024
3743,06/01/2024
3744,09/01/2024
3745,22/01/2024
3746,14/01/2024
3747,28/01/2024
3748,12/01/2024
3749,28/01/2024
3750,25/01/2024
3751,20/01/2024
3752,24/01/2024
3753,25/01/2024
3754,04/01/2024
3755,21/01/2024
3756,30/01/2024
3757,24/01/2024
3758,12/01/2024
3759,10/01/2024
3760,30/01/2024
3761,22/01/2024
3762,28/01/2024
3763,07/01/2024
3764,03/01/2024
3765,23/01/2024
3766,28/01/2024
3767,14/01/2024
3768,24/01/2024
3769,10/01/2024
3770,16/01/2024
3771,16/01/2024
3772,22/01/2024
3773,10/01/2024
3774,25/01/2024
3775,13/01/2024
3776,06/01/2024
3777,12/01/2024
3778,09/01/2024
3779,13/01/2024
3780,04/01/2024
3781,24/01/2024
3782,11/01/2024
3783,20/01/2024
3784,18/01/2024
3785,26/01/2024
3786,11/01/2024
3787,25/01/2024
3788,21/01/2024
3789,04/01/2024
3790,18/01/2024
3791,01/01/2024
3792,27/01/2024
3793,07/01/2024
3794,06/01/2024
3795,15/01/2024
3796,18/01/2024
3797,24/01/2024
3798,11/01/2024
3799,20/01/2024
3800,24/01/2024
3801,15/01/2024
3802,16/01/2024
3803,07/01/2024
3804,21/01/2024
3805,10/01/2024
3806,26/01/2024
3807,12/01/2024
3808,24/01/2024
3809,14/01/2024
3810,25/01/2024
3811,05/01/2024
3812,26/01/2024
3813,21/01/2024
3814,18/01/2024
3815,05/01/2024
3816,03/01/2024
3817,23/01/2024
3818,26/01/2024
3819,05/01/2024
3820,24/01/2024
3821,17/01/2024
3822,19/01/2024
3823,19/01/2024
3824,25/01/2024
3825,21/01/2024
3826,12/01/2024
3827,25/01/2024
3828,29/01/2024
3829,09/01/2024
3830,01/01/2024
3831,18/01/2024
3832,21/01/2024
3833,04/01/2024
3834,10/01/2024
3835,25/01/2024
3836,07/01/2024
3837,22/01/2024
3838,23/01/2024
3839,01/01/2024
3840,17/01/2024
3841,24/01/2024
3842,29/01/2024
3843,29/01/2024
3844,02/01/2024
3845,28/01/2024
3846,26/01/2024
3847,11/01/2024
3848,09/01/2024
3849,07/01/2024
3850,22/01/2024
3851,17/01/2024
3852,17/01/2024
3853,02/01/2024
3854,06/01/2024
3855,14/01/2024
3856,06/01/2024
3857,02/01/2024
3858,01/01/2024
3859,10/01/2024
3860,21/01/2024
3861,05/01/2024
3862,02/01/2024
3863,22/01/2024
3864,16/01/2024
3865,25/01/2024
3866,02/01/2024
3867,10/01/2024
3868,02/01/2024
3869,16/01/2024
3870,16/01/2024
3871,19/01/2024
3872,29/01/2024
3873,07/01/2024
3874,22/01/2024
3875,12/01/2024
3876,24/01/2024
3877,15/01/2024
3878,08/01/2024
3879,06/01/2024
3880,28/01/2024
3881,27/01/2024
3882,10/01/2024
3883,03/01/2024
3884,19/01/2024
3885,17/01/2024
3886,07/01/2024
3887,21/01/2024
3888,20/01/2024
3889,26/01/2024
3890,04/01/2024
3891,14/01/2024
3892,20/01/2024
3893,22/01/2024
3894,15/01/2024
3895,24/01/2024
3896,08/01/2024
3897,21/01/2024
3898,15/01/2024
3899,22/01/2024
3900,20/01/2024
3901,28/01/2024
3902,14/01/2024
3903,27/01/2024
3904,29/01/2024
3905,09/01/2024
3906,08/01/2024
3907,26/01/2024
3908,28/01/2024
3909,26/01/2024
3910,17/01/2024
3911,02/01/2024
3912,25/01/2024
3913,24/01/2024
3914,30/01/2024
3915,03/01/2024
3916,08/01/2024
3917,12/01/2024
3918,01/01/2024
3919,10/01/2024
3920,20/01/2024
3921,03/01/2024
3922,06/01/2024
3923,07/01/2024
3924,20/01/2024
3925,23/01/2024
3926,25/01/2024
3927,27/01/2024
3928,18/01/2024
3929,11/01/2024
3930,19/01/2024
3931,05/01/2024
3932,19/01/2024
3933,11/01/2024
3934,24/01/2024
3935,12/01/2024
3936,10/01/2024
3937,08/01/2024
3938,24/01/2024
3939,28/01/2024
3940,28/01/2024
3941,09/01/2024
3942,04/01/2024
3943,05/01/2024
3944,21/01/2024
3945,08/01/2024
3946,23/01/2024
3947,09/01/2024
3948,15/01/2024
3949,15/01/2024
3950,16/01/2024
3951,14/01/2024
3952,08/01/2024
3953,18/01/2024
3954,10/01/2024
3955,28/01/2024
3956,20/01/2024
3957,06/01/2024
3958,12/01/2024
3959,02/01/2024
3960,07/01/2024
3961,16/01/2024
3962,03/01/2024
3963,13/01/2024
3964,03/01/2024
3965,27/01/2024
3966,18/01/2024
3967,11/01/2024
3968,08/01/2024
3969,06/01/2024
3970,01/01/2024
3971,28/01/2024
3972,01/01/2024
3973,23/01/2024
3974,08/01/2024
3975,05/01/2024
3976,28/01/2024
3977,16/01/2024
3978,11/01/2024
3979,05/01/2024
3980,04/01/2024
3981,30/01/2024
3982,06/01/2024
3983,14/01/2024
3984,22/01/2024
3985,19/01/2024
3986,09/01/2024
3987,12/01/2024
3988,11/01/2024
3989,14/01/2024
3990,23/01/2024
3991,16/01/2024
3992,01/01/2024
3993,13/01/2024
3994,23/01/2024
3995,21/01/2024
3996,21/01/2024
3997,30/01/2024
3998,13/01/2024
3999,02/01/2024
4000,04/01/2024
4001,28/01/2024
4002,06/01/2024
4003,26/01/2024
4004,27/01/2024
4005,23/01/2024
4006,27/01/2024
4007,05/01/2024
4008,25/01/2024
4009,03/01/2024
4010,01/01/2024
4011,04/01/2024
4012,25/01/2024
4013,20/01/2024
4014,02/01/2024
4015,26/01/2024
4016,30/01/2024
4017,30/01/2024
4018,05/01/2024
4019,03/01/2024
4020,29/01/2024
4021,28/01/2024
4022,29/01/2024
4023,09/01/2024
4024,20/01/2024
4025,06/01/2024
4026,18/01/2024
4027,06/01/2024
4028,19/01/2024
4029,28/01/2024
4030,12/01/2024
4031,25/01/2024
4032,11/01/2024
4033,02/01/2024
4034,15/01/2024
4035,12/01/2024
4036,12/01/2024
4037,09/01/2024
4038,21/01/2024
4039,24/01/2024
4040,02/01/2024
4041,22/01/2024
4042,03/01/2024
4043,12/01/2024
4044,28/01/2024
4045,30/01/2024
4046,26/01/2024
4047,16/01/2024
4048,21/01/2024
4049,28/01/2024
4050,24/01/2024
4051,26/01/2024
4052,30/01/2024
4053,01/01/2024
4054,21/01/2024
4055,03/01/2024
4056,20/01/2024
4057,02/01/2024
4058,09/01/2024
4059,19/01/2024
4060,15/01/2024
4061,18/01/2024
4062,26/01/2024
4063,11/01/2024
4064,25/01/2024
4065,23/01/2024
4066,16/01/2024
4067,22/01/2024
4068,17/01/2024
4069,05/01/2024
4070,12/01/2024
4071,11/01/2024
4072,30/01/2024
4073,15/01/2024
4074,27/01/2024
4075,03/01/2024
4076,01/01/2024
4077,20/01/2024
4078,29/01/2024
4079,16/01/2024
4080,02/01/2024
4081,02/01/2024
4082,03/01/2024
4083,08/01/2024
4084,24/01/2024
4085,28/01/2024
4086,15/01/2024
4087,07/01/2024
4088,06/01/2024
4089,09/01/2024
4090,20/01/2024
4091,28/01/2024
4092,01/01/2024
4093,08/01/2024
4094,23/01/2024
4095,23/01/2024
4096,03/01/2024
4097,04/01/2024
4098,26/01/2024
4099,25/01/2024
4100,15/01/2024
4101,06/01/2024
4102,15/01/2024
4103,21/01/2024
4104,03/01/2024
4105,25/01/2024
4106,21/01/2024
4107,21/01/2024
4108,14/01/2024
4109,20/01/2024
4110,14/01/2024
4111,04/01/2024
4112,12/01/2024
4113,17/01/2024
4114,07/01/2024
4115,09/01/2024
4116,03/01/2024
4117,28/01/2024
4118,13/01/2024
4119,15/01/2024
4120,18/01/2024
4121,19/01/2024
4122,01/01/2024
4123,06/01/2024
4124,27/01/2024
4125,27/01/2024
4126,23/01/2024
4127,27/01/2024
4128,27/01/2024
4129,02/01/2024
4130,24/01/2024
4131,14/01/2024
4132,06/01/2024
4133,14/01/2024
4134,04/01/2024
4135,21/01/2024
4136,08/01/2024
4137,30/01/2024
4138,03/01/2024
4139,19/01/2024
4140,30/01/2024
4141,14/01/2024
4142,27/01/2024
4143,20/01/2024
4144,17/01/2024
4145,25/01/2024
4146,08/01/2024
4147,24/01/2024
4148,14/01/2024
4149,26/01/2024
4150,06/01/2024
4151,23/01/2024
4152,22/01/2024
4153,16/01/2024
4154,25/01/2024
4155,19/01/2024
4156,14/01/2024
4157,19/01/2024
4158,03/01/2024
4159,10/01/2024
4160,19/01/2024
4161,09/01/2024
4162,28/01/2024
4163,20/01/2024
4164,13/01/2024
4165,07/01/2024
4166,14/01/2024
4167,09/01/2024
4168,27/01/2024
4169,28/01/2024
4170,23/01/2024
4171,25/01/2024
4172,28/01/2024
4173,19/01/2024
4174,15/01/2024
4175,20/01/2024
4176,14/01/2024
4177,24/01/2024
4178,06/01/2024
4179,21/01/2024
4180,29/01/2024
4181,04/01/2024
4182,08/01/2024
4183,17/01/2024
4184,30/01/2024
4185,09/01/2024
4186,01/01/2024
4187,24/01/2024
4188,20/01/2024
4189,25/01/2024
4190,14/01/2024
4191,11/01/2024
4192,21/01/2024
4193,03/01/2024
4194,09/01/2024
4195,27/01/2024
4196,14/01/2024
4197,30/01/2024
4198,09/01/2024
4199,04/01/2024
4200,27/01/2024
4201,04/01/2024
4202,28/01/2024
4203,08/01/2024
4204,02/01/2024
4205,09/01/2024
4206,29/01/2024
4207,14/01/2024
4208,22/01/2024
4209,09/01/2024
4210,24/01/2024
4211,23/01/2024
4212,16/01/2024
4213,29/01/2024
4214,30/01/2024
4215,17/01/2024
4216,16/01/2024
4217,30/01/2024
4218,12/01/2024
4219,03/01/2024
4220,11/01/2024
4221,14/01/2024
4222,18/01/2024
4223,21/01/2024
4224,21/01/2024
4225,05/01/2024
4226,16/01/2024
4227,20/01/2024
4228,05/01/2024
4229,03/01/2024
4230,12/01/2024
4231,01/01/2024
4232,21/01/2024
4233,29/01/2024
4234,09/01/2024
4235,29/01/2024
4236,09/01/2024
4237,04/01/2024
4238,03/01/2024
4239,17/01/2024
4240,02/01/2024
4241,24/01/2024
4242,01/01/2024
4243,08/01/2024
4244,13/01/2024
4245,23/01/2024
4246,15/01/2024
4247,08/01/2024
4248,12/01/2024
4249,22/01/2024
4250,12/01/2024
4251,14/01/2024
4252,15/01/2024
4253,15/01/2024
4254,09/01/2024
4255,19/01/2024
4256,26/01/2024
4257,20/01/2024
4258,29/01/2024
4259,22/01/2024
4260,08/01/2024
4261,21/01/2024
4262,19/01/2024
4263,06/01/2024
4264,20/01/2024
4265,25/01/2024
4266,29/01/2024
4267,19/01/2024
4268,04/01/2024
4269,23/01/2024
4270,07/01/2024
4271,28/01/2024
4272,28/01/2024
4273,04/01/2024
4274,22/01/2024
4275,12/01/2024
4276,13/01/2024
4277,03/01/2024
4278,22/01/2024
4279,12/01/2024
4280,02/01/2024
4281,24/01/2024
4282,02/01/2024
4283,27/01/2024
4284,23/01/2024
4285,09/01/2024
4286,01/01/2024
4287,08/01/2024
4288,23/01/2024
4289,06/01/2024
4290,06/01/2024
4291,22/01/2024
4292,25/01/2024
4293,18/01/2024
4294,17/01/2024
4295,29/01/2024
4296,12/01/2024
4297,06/01/2024
4298,26/01/2024
4299,27/01/2024
4300,08/01/2024
4301,19/01/2024
4302,28/01/2024
4303,10/01/2024
4304,01/01/2024
4305,25/01/2024
4306,29/01/2024
4307,13/01/2024
4308,17/01/2024
4309,03/01/2024
4310,08/01/2024
4311,14/01/2024
4312,03/01/2024
4313,16/01/2024
4314,13/01/2024
4315,20/01/2024
4316,24/01/2024
4317,17/01/2024
4318,13/01/2024
4319,29/01/2024
4320,06/01/2024
4321,17/01/2024
4322,14/01/2024
4323,17/01/2024
4324,30/01/2024
4325,08/01/2024
4326,11/01/2024
4327,20/01/2024
4328,28/01/2024
4329,01/01/2024
4330,26/01/2024
4331,07/01/2024
4332,21/01/2024
4333,21/01/2024
4334,17/01/2024
4335,30/01/2024
4336,10/01/2024
4337,11/01/2024
4338,22/01/2024
4339,30/01/2024
4340,09/01/2024
4341,09/01/2024
4342,24/01/2024
4343,05/01/2024
4344,17/01/2024
4345,09/01/2024
4346,17/01/2024
4347,24/01/2024
4348,21/01/2024
4349,19/01/2024
4350,27/01/2024
4351,07/01/2024
4352,23/01/2024
4353,09/01/2024
4354,07/01/2024
4355,13/01/2024
4356,11/01/2024
4357,14/01/2024
4358,19/01/2024
4359,11/01/2024
4360,13/01/2024
4361,14/01/2024
4362,13/01/2024
4363,01/01/2024
4364,08/01/2024
4365,12/01/2024
4366,19/01/2024
4367,12/01/2024
4368,08/01/2024
4369,08/01/2024
4370,29/01/2024
4371,21/01/2024
4372,13/01/2024
4373,12/01/2024
4374,29/01/2024
4375,16/01/2024
4376,01/01/2024
4377,13/01/2024
4378,26/01/2024
4379,07/01/2024
4380,28/01/2024
4381,26/01/2024
4382,05/01/2024
4383,08/01/2024
4384,25/01/2024
4385,27/01/2024
4386,14/01/2024
4387,23/01/2024
4388,30/01/2024
4389,13/01/2024
4390,15/01/2024
4391,23/01/2024
4392,17/01/2024
4393,15/01/2024
4394,20/01/2024
4395,18/01/2024
4396,18/01/2024
4397,02/01/2024
4398,04/01/2024
4399,30/01/2024
4400,01/01/2024
4401,04/01/2024
4402,18/01/2024
4403,05/01/2024
4404,19/01/2024
4405,15/01/2024
4406,28/01/2024
4407,08/01/2024
4408,20/01/2024
4409,17/01/2024
4410,01/01/2024
4411,12/01/2024
4412,26/01/2024
4413,19/01/2024
4414,15/01/2024
4415,09/01/2024
4416,07/01/2024
4417,02/01/2024
4418,29/01/2024
4419,09/01/2024
4420,10/01/2024
4421,02/01/2024
4422,19/01/2024
4423,11/01/2024
4424,13/01/2024
4425,10/01/2024
4426,14/01/2024
4427,18/01/2024
4428,19/01/2024
4429,22/01/2024
4430,09/01/2024
4431,25/01/2024
4432,07/01/2024
4433,28/01/2024
4434,03/01/2024
4435,20/01/2024
4436,06/01/2024
4437,27/01/2024
4438,21/01/2024
4439,02/01/2024
4440,29/01/2024
4441,06/01/2024
4442,03/01/2024
4443,16/01/2024
4444,30/01/2024
4445,08/01/2024
4446,02/01/2024
4447,17/01/2024
4448,09/01/2024
4449,30/01/2024
4450,12/01/2024
4451,03/01/2024
4452,11/01/2024
4453,01/01/2024
4454,23/01/2024
4455,13/01/2024
4456,15/01/2024
4457,26/01/2024
4458,05/01/2024
4459,21/01/2024
4460,30/01/2024
4461,17/01/2024
4462,25/01/2024
4463,23/01/2024
4464,24/01/2024
4465,25/01/2024
4466,06/01/2024
4467,28/01/2024
4468,21/01/2024
4469,22/01/2024
4470,11/01/2024
4471,18/01/2024
4472,04/01/2024
4473,03/01/2024
4474,13/01/2024
4475,23/01/2024
4476,09/01/2024
4477,21/01/2024
4478,06/01/2024
4479,26/01/2024
4480,30/01/2024
4481,28/01/2024
4482,12/01/2024
4483,02/01/2024
4484,03/01/2024
4485,03/01/2024
4486,28/01/2024
4487,12/01/2024
4488,15/01/2024
4489,09/01/2024
4490,23/01/2024
4491,08/01/2024
4492,11/01/2024
4493,16/01/2024
4494,26/01/2024
4495,27/01/2024
4496,25/01/2024
4497,22/01/2024
4498,04/01/2024
4499,28/01/2024
4500,01/01/2024
4501,24/01/2024
4502,07/01/2024
4503,02/01/2024
4504,24/01/2024
4505,28/01/2024
4506,05/01/2024
4507,07/01/2024
4508,04/01/2024
4509,05/01/2024
4510,24/01/2024
4511,01/01/2024
4512,01/01/2024
4513,15/01/2024
4514,20/01/2024
4515,19/01/2024
4516,29/01/2024
4517,10/01/2024
4518,28/01/2024
4519,18/01/2024
4520,28/01/2024
4521,03/01/2024
4522,11/01/2024
4523,15/01/2024
4524,27/01/2024
4525,30/01/2024
4526,11/01/2024
4527,17/01/2024
4528,17/01/2024
4529,06/01/2024
4530,05/01/2024
4531,08/01/2024
4532,02/01/2024
4533,16/01/2024
4534,20/01/2024
4535,24/01/2024
4536,12/01/2024
4537,06/01/2024
4538,01/01/2024
4539,04/01/2024
4540,17/01/2024
4541,13/01/2024
4542,18/01/2024
4543,05/01/2024
4544,30/01/2024
4545,24/01/2024
4546,24/01/2024
4547,27/01/2024
4548,03/01/2024
4549,11/01/2024
4550,13/01/2024
4551,04/01/2024
4552,26/01/2024
4553,27/01/2024
4554,14/01/2024
4555,22/01/2024
4556,11/01/2024
4557,27/01/2024
4558,10/01/2024
4559,19/01/2024
4560,18/01/2024
4561,06/01/2024
4562,27/01/2024
4563,29/01/2024
4564,15/01/2024
4565,21/01/2024
4566,30/01/2024
4567,10/01/2024
4568,05/01/2024
4569,26/01/2024
4570,29/01/2024
4571,05/01/2024
4572,10/01/2024
4573,28/01/2024
4574,05/01/2024
4575,03/01/2024
4576,23/01/2024
4577,06/01/2024
4578,04/01/2024
4579,18/01/2024
4580,28/01/2024
4581,09/01/2024
4582,17/01/2024
4583,29/01/2024
4584,13/01/2024
4585,27/01/2024
4586,15/01/2024
4587,30/01/2024
4588,20/01/2024
4589,17/01/2024
4590,13/01/2024
4591,16/01/2024
4592,22/01/2024
4593,04/01/2024
4594,05/01/2024
4595,05/01/2024
4596,09/01/2024
4597,17/01/2024
4598,13/01/2024
4599,02/01/2024
4600,13/01/2024
4601,22/01/2024
4602,21/01/2024
4603,27/01/2024
4604,23/01/2024
4605,19/01/2024
4606,03/01/2024
4607,10/01/2024
4608,02/01/2024
4609,13/01/2024
4610,19/01/2024
4611,26/01/2024
4612,17/01/2024
4613,21/01/2024
4614,14/01/2024
4615,12/01/2024
4616,21/01/2024
4617,12/01/2024
4618,11/01/2024
4619,07/01/2024
4620,04/01/2024
4621,19/01/2024
4622,01/01/2024
4623,28/01/2024
4624,24/01/2024
4625,29/01/2024
4626,03/01/2024
4627,13/01/2024
4628,15/01/2024
4629,02/01/2024
4630,11/01/2024
4631,04/01/2024
4632,19/01/2024
4633,29/01/2024
4634,17/01/2024
4635,03/01/2024
4636,28/01/2024
4637,18/01/2024
4638,08/01/2024
4639,22/01/2024
4640,25/01/2024
4641,24/01/2024
4642,26/01/2024
4643,19/01/2024
4644,05/01/2024
4645,07/01/2024
4646,21/01/2024
4647,08/01/2024
4648,28/01/2024
4649,05/01/2024
4650,17/01/2024
4651,05/01/2024
4652,04/01/2024
4653,22/01/2024
4654,19/01/2024
4655,27/01/2024
4656,21/01/2024
4657,02/01/2024
4658,11/01/2024
4659,22/01/2024
4660,13/01/2024
4661,15/01/2024
4662,12/01/2024
4663,22/01/2024
4664,21/01/2024
4665,22/01/2024
4666,11/01/2024
4667,07/01/2024
4668,28/01/2024
4669,05/01/2024
4670,17/01/2024
4671,24/01/2024
4672,20/01/2024
4673,09/01/2024
4674,14/01/2024
4675,26/01/2024
4676,12/01/2024
4677,06/01/2024
4678,17/01/2024
4679,19/01/2024
4680,19/01/2024
4681,26/01/2024
4682,16/01/2024
4683,12/01/2024
4684,12/01/2024
4685,20/01/2024
4686,06/01/2024
4687,23/01/2024
4688,26/01/2024
4689,04/01/2024
4690,06/01/2024
4691,11/01/2024
4692,01/01/2024
4693,30/01/2024
4694,24/01/2024
4695,23/01/2024
4696,15/01/2024
4697,27/01/2024
4698,11/01/2024
4699,25/01/2024
4700,19/01/2024
4701,18/01/2024
4702,17/01/2024
4703,19/01/2024
4704,21/01/2024
4705,14/01/2024
4706,27/01/2024
4707,18/01/2024
4708,28/01/2024
4709,19/01/2024
4710,15/01/2024
4711,15/01/2024
4712,04/01/2024
4713,07/01/2024
4714,13/01/2024
4715,03/01/2024
4716,16/01/2024
4717,09/01/2024
4718,08/01/2024
4719,20/01/2024
4720,13/01/2024
4721,17/01/2024
4722,17/01/2024
4723,17/01/2024
4724,01/01/2024
4725,08/01/2024
4726,19/01/2024
4727,06/01/2024
4728,03/01/2024
4729,27/01/2024
4730,05/01/2024
4731,13/01/2024
4732,15/01/2024
4733,14/01/2024
4734,29/01/2024
4735,23/01/2024
4736,16/01/2024
4737,18/01/2024
4738,22/01/2024
4739,29/01/2024
4740,22/01/2024
4741,11/01/2024
4742,03/01/2024
4743,22/01/2024
4744,10/01/2024
4745,10/01/2024
4746,30/01/2024
4747,21/01/2024
4748,16/01/2024
4749,12/01/2024
4750,02/01/2024
4751,09/01/2024
4752,24/01/2024
4753,03/01/2024
4754,24/01/2024
4755,30/01/2024
4756,25/01/2024
4757,30/01/2024
4758,15/01/2024
4759,03/01/2024
4760,19/01/2024
4761,18/01/2024
4762,08/01/2024
4763,26/01/2024
4764,17/01/2024
4765,08/01/2024
4766,07/01/2024
4767,30/01/2024
4768,07/01/2024
4769,03/01/2024
4770,01/01/2024
4771,04/01/2024
4772,25/01/2024
4773,05/01/2024
4774,01/01/2024
4775,15/01/2024
4776,05/01/2024
4777,13/01/2024
4778,08/01/2024
4779,08/01/2024
4780,05/01/2024
4781,28/01/2024
4782,09/01/2024
4783,01/01/2024
4784,04/01/2024
4785,03/01/2024
4786,02/01/2024
4787,08/01/2024
4788,23/01/2024
4789,09/01/2024
4790,02/01/2024
4791,14/01/2024
4792,14/01/2024
4793,04/01/2024
4794,30/01/2024
4795,06/01/2024
4796,11/01/2024
4797,03/01/2024
4798,08/01/2024
4799,03/01/2024
4800,14/01/2024
4801,28/01/2024
4802,13/01/2024
4803,13/01/2024
4804,02/01/2024
4805,13/01/2024
4806,29/01/2024
4807,19/01/2024
4808,27/01/2024
4809,06/01/2024
4810,16/01/2024
4811,02/01/2024
4812,08/01/2024
4813,17/01/2024
4814,23/01/2024
4815,02/01/2024
4816,10/01/2024
4817,28/01/2024
4818,16/01/2024
4819,06/01/2024
4820,28/01/2024
4821,02/01/2024
4822,02/01/2024
4823,26/01/2024
4824,13/01/2024
4825,24/01/2024
4826,15/01/2024
4827,28/01/2024
4828,02/01/2024
4829,07/01/2024
4830,03/01/2024
4831,08/01/2024
4832,23/01/2024
4833,14/01/2024
4834,24/01/2024
4835,30/01/2024
4836,23/01/2024
4837,27/01/2024
4838,22/01/2024
4839,29/01/2024
4840,07/01/2024
4841,21/01/2024
4842,07/01/2024
4843,01/01/2024
4844,17/01/2024
4845,09/01/2024
4846,30/01/2024
4847,21/01/2024
4848,13/01/2024
4849,21/01/2024
4850,19/01/2024
4851,21/01/2024
4852,19/01/2024
4853,25/01/2024
4854,25/01/2024
4855,22/01/2024
4856,17/01/2024
4857,23/01/2024
4858,23/01/2024
4859,30/01/2024
4860,10/01/2024
4861,10/01/2024
4862,04/01/2024
4863,08/01/2024
4864,22/01/2024
4865,20/01/2024
4866,20/01/2024
4867,18/01/2024
4868,14/01/2024
4869,18/01/2024
4870,28/01/2024
4871,14/01/2024
4872,20/01/2024
4873,21/01/2024
4874,24/01/2024
4875,15/01/2024
4876,22/01/2024
4877,30/01/2024
4878,04/01/2024
4879,13/01/2024
4880,27/01/2024
4881,23/01/2024
4882,08/01/2024
4883,18/01/2024
4884,12/01/2024
4885,23/01/2024
4886,14/01/2024
4887,02/01/2024
4888,18/01/2024
4889,24/01/2024
4890,02/01/2024
4891,11/01/2024
4892,09/01/2024
4893,12/01/2024
4894,17/01/2024
4895,15/01/2024
4896,25/01/2024
4897,17/01/2024
4898,26/01/2024
4899,29/01/2024
4900,26/01/2024
4901,18/01/2024
4902,22/01/2024
4903,06/01/2024
4904,17/01/2024
4905,23/01/2024
4906,24/01/2024
4907,18/01/2024
4908,08/01/2024
4909,09/01/2024
4910,06/01/2024
4911,05/01/2024
4912,12/01/2024
4913,25/01/2024
4914,29/01/2024
4915,28/01/2024
4916,11/01/2024
4917,25/01/2024
4918,01/01/2024
4919,11/01/2024
4920,19/01/2024
4921,09/01/2024
4922,27/01/2024
4923,02/01/2024
4924,12/01/2024
4925,04/01/2024
4926,04/01/2024
4927,18/01/2024
4928,15/01/2024
4929,19/01/2024
4930,13/01/2024
4931,19/01/2024
4932,17/01/2024
4933,06/01/2024
4934,16/01/2024
4935,24/01/2024
4936,12/01/2024
4937,19/01/2024
4938,05/01/2024
4939,17/01/2024
4940,26/01/2024
4941,23/01/2024
4942,26/01/2024
4943,29/01/2024
4944,01/01/2024
4945,28/01/2024
4946,27/01/2024
4947,25/01/2024
4948,24/01/2024
4949,23/01/2024
4950,10/01/2024
4951,15/01/2024
4952,23/01/2024
4953,21/01/2024
4954,21/01/2024
4955,11/01/2024
4956,13/01/2024
4957,05/01/2024
4958,01/01/2024
4959,24/01/2024
4960,12/01/2024
4961,11/01/2024
4962,17/01/2024
4963,04/01/2024
4964,15/01/2024
4965,25/01/2024
4966,30/01/2024
4967,09/01/2024
4968,21/01/2024
4969,20/01/2024
4970,19/01/2024
4971,19/01/2024
4972,12/01/2024
4973,05/01/2024
4974,10/01/2024
4975,17/01/2024
4976,05/01/2024
4977,22/01/2024
4978,16/01/2024
4979,07/01/2024
4980,28/01/2024
4981,09/01/2024
4982,03/01/2024
4983,15/01/2024
4984,16/01/2024
4985,18/01/2024
4986,14/01/2024
4987,03/01/2024
4988,12/01/2024
4989,09/01/2024
4990,28/01/2024
4991,07/01/2024
4992,09/01/2024
4993,13/01/2024
4994,18/01/2024
4995,05/01/2024
4996,13/01/2024
4997,04/01/2024
4998,02/01/2024
4999,16/01/2024
5000,09/01/2024
